POLL_ID,CO...2,ELE,PRE,PART,PPLACEID,POLL_NAME,ADDRESS1,ADDRESS2,CITY,ST,ZIP,T_ACCESS,LEG,CO...15,JU,AP,CON,SCH,ORP,CEN,REPORTED,B,ISPUBLIC,OFFSPARK,MUNI,COLLEGE,COLLEGE_NAME,EARLY,lon,lat,address
1745,2,1,4,1,11572,Brooklyn Park Middle School,200 Hammonds Lane,NA,Baltimore,MD,-21225,1,31A,2,5,5,1,NA,NA,NA,2,S,1,1,NA,NA,NA,NA,-76.61980330000002,39.2163008,"200 hammonds ln, brooklyn, md 21225, usa"
1746,2,1,13,1,14413,Belle Grove Elementary School,4502 Belle Grove Road,NA,Baltimore,MD,21225,1,31A,2,5,5,1,NA,NA,NA,2,S,NA,NA,NA,NA,NA,NA,-76.6219014,39.229596,"4502 belle grove rd, brooklyn, md 21225, usa"
1747,2,1,15,1,10037,Brooklyn Park Elementary School,200 14th Avenue,NA,Baltimore,MD,-21225,1,31A,2,5,5,1,NA,NA,NA,2,S,1,1,NA,NA,NA,NA,NA,NA,NA
1748,2,1,16,1,10038,Brooklyn Park Community Library,1 11th Avenue East,NA,Baltimore,MD,-21225,1,31A,2,5,5,1,NA,NA,NA,2,O,1,1,NA,NA,NA,NA,NA,NA,NA
1749,2,1,17,1,10036,Park Elementary School,201 11th Avenue East,NA,Baltimore,MD,21225,1,31A,2,5,5,1,NA,NA,NA,2,S,1,1,NA,NA,NA,NA,-122.3182307,47.6199348,"201 11th ave e, seattle, wa 98102, usa"
1750,2,1,18,1,11572,Brooklyn Park Middle School,200 Hammonds Lane,NA,Baltimore,MD,-21225,1,31A,2,5,5,1,NA,NA,NA,2,S,1,1,NA,NA,NA,NA,-76.61980330000002,39.2163008,"200 hammonds ln, brooklyn, md 21225, usa"
1833,3,3,2,1,10115,School No. 8 City Springs Elem/Middle,100 S. Caroline Street,NA,Baltimore,MD,-21231,1,46,7,8,6,12,NA,NA,NA,2,S,1,1,NA,NA,NA,NA,-76.5974931,39.2898428,"100 s caroline st, baltimore, md 21231, usa"
1834,3,27,16,1,10116,School No. 212,2800 Ailsa Avenue,NA,Baltimore,MD,-21214,1,43,7,8,6,3,NA,NA,NA,2,S,1,1,NA,NA,NA,NA,-76.56941309999999,39.34923920000001,"2800 ailsa ave, baltimore, md 21214, usa"
1835,3,27,18,1,10117,Engine House No. 42,4522 Harford Road,NA,Baltimore,MD,21214,1,43,7,8,6,3,NA,NA,NA,2,F,1,1,NA,NA,NA,NA,-76.5714893,39.3416004,"4522 harford rd, baltimore, md 21214, usa"
1836,3,27,21,1,10118,School No. 219,5931 Yorkwood Road,NA,Baltimore,MD,-21239,1,43,7,8,6,4,NA,NA,NA,2,S,1,1,NA,NA,NA,NA,-76.5809709,39.3633272,"5931 yorkwood rd, baltimore, md 21239, usa"
1837,3,27,22,1,10119,School No. 242,5201 Loch Raven Boulevard,NA,Baltimore,MD,21239,1,43,7,8,6,3,NA,NA,NA,2,S,1,1,NA,NA,NA,NA,-76.5887822,39.3527384,"5201 loch raven blvd, baltimore, md 21239, usa"
1838,3,27,23,1,10119,School No. 242,5201 Loch Raven Boulevard,NA,Baltimore,MD,21239,1,43,7,8,6,3,NA,NA,NA,2,S,1,1,NA,NA,NA,NA,-76.5887822,39.3527384,"5201 loch raven blvd, baltimore, md 21239, usa"
1839,3,27,25,1,13904,Northwood Appold Community Academy,4417 Loch Raven Boulevard,NA,Baltimore,MD,-21218,1,43,7,8,6,3,NA,NA,NA,2,S,1,0,NA,NA,NA,NA,-76.5917394,39.3457217,"4417 loch raven blvd, baltimore, md 21218, usa"
1841,3,27,26,1,14291,League for People with Disabilities,1111 East Cold Spring Lane,NA,Baltimore,MD,21239,1,43,7,8,6,3,NA,NA,NA,2,T,1,1,NA,NA,NA,NA,-76.5985765,39.34460929999999,"1111 e cold spring ln, baltimore, md 21239, usa"
1842,3,27,28,1,10123,School No. 371 Lillie May Carroll Jackson,900 Woodbourne Avenue At Tunbridge Road,NA,Baltimore,MD,-21212,1,43,7,8,6,4,NA,NA,NA,2,S,1,1,NA,NA,NA,NA,-79.655235,44.41073,"tunbridge rd, barrie, on l4m, canada"
1843,3,27,30,1,10119,School No. 242,5201 Loch Raven Boulevard,NA,Baltimore,MD,21239,1,43,7,8,6,4,NA,NA,NA,2,S,1,1,NA,NA,NA,NA,-76.5887822,39.3527384,"5201 loch raven blvd, baltimore, md 21239, usa"
1845,3,27,34,1,10125,Deweese Recreation Center,5501 Ivanhoe Avenue,NA,Baltimore,MD,21212,1,43,7,8,6,4,NA,NA,NA,2,T,1,1,NA,NA,NA,NA,-76.6039479,39.356342,"5501 ivanhoe ave, baltimore, md 21212, usa"
1846,3,27,35,1,10123,School No. 371 Lillie May Carroll Jackson,900 Woodbourne Avenue At Tunbridge Road,NA,Baltimore,MD,-21212,1,43,7,8,6,4,NA,NA,NA,2,S,1,1,NA,NA,NA,NA,-79.655235,44.41073,"tunbridge rd, barrie, on l4m, canada"
1847,3,27,53,1,10127,School No. 62,2835 Virginia Avenue,NA,Baltimore,MD,-21215,1,40,7,8,6,6,NA,NA,NA,2,S,1,1,NA,NA,NA,NA,NA,NA,NA
1850,3,27,57,1,12100,School No 5 Langston Hughes Elem,5011 Arbutus Avenue,NA,Baltimore,MD,21215,1,41,7,8,6,5,NA,NA,NA,2,S,1,1,NA,NA,NA,NA,NA,NA,NA
1851,3,27,56,1,12100,School No 5 Langston Hughes Elem,5011 Arbutus Avenue,NA,Baltimore,MD,21215,1,41,7,8,6,6,NA,NA,NA,2,S,1,1,NA,NA,NA,NA,NA,NA,NA
1852,3,9,7,1,10247,School No. 44,2040 E. 32nd Street,NA,Baltimore,MD,-21218,1,43,7,8,6,14,NA,NA,NA,2,S,1,1,NA,NA,NA,NA,NA,NA,NA
1853,3,26,23,1,10132,Jerusalem Evangelical Lutheran Church,4605 Belair Road,NA,Baltimore,MD,-21206,1,45,2,8,6,2,NA,NA,NA,2,C,1,1,NA,NA,NA,NA,-76.5609698,39.33101389999999,"4605 belair rd, baltimore, md 21206, usa"
1854,3,26,25,1,10133,Furley Recreation Center,4633 Furley Avenue,NA,Baltimore,MD,-21206,1,45,2,8,6,2,NA,NA,NA,2,T,1,1,NA,NA,NA,NA,-76.5526163,39.328323,"4633 furley ave, baltimore, md 21206, usa"
1855,3,8,3,1,10246,Catholic High School,2800 Edison Highway,NA,Baltimore,MD,-21213,1,45,7,8,6,13,NA,NA,NA,2,S,0,1,NA,NA,NA,NA,-76.5734765,39.31619269999999,"2800 edison hwy, baltimore, md 21213, usa"
1856,3,26,14,1,11403,School No. 243 Armistead Gardens ES,5001 E. Eager Street,NA,Baltimore,MD,21205,1,45,3,8,6,2,NA,NA,NA,2,S,1,1,NA,NA,NA,NA,-76.5526436,39.3047544,"5001 e eager st, baltimore, md 21205, usa"
1857,3,26,16,1,10136,School No. 431 Maritime Industries Academy,5001 Sinclair Lane,NA,Baltimore,MD,-21206,1,45,2,8,6,2,NA,NA,NA,2,S,1,1,NA,NA,NA,NA,-76.5459736,39.3204491,"5001 sinclair ln, baltimore, md 21206, usa"
1858,3,26,17,1,10137,Orchard Ridge III Community Room,4340 Orchard Ridge Boulevard,NA,Baltimore,MD,21213,1,45,3,8,6,13,NA,NA,NA,2,T,1,1,NA,NA,NA,NA,-76.5593894,39.3119947,"4340 orchard ridge blvd, baltimore, md 21213, usa"
1859,3,26,24,1,10136,School No. 431 Maritime Industries Academy,5001 Sinclair Lane,NA,Baltimore,MD,-21206,1,45,2,8,6,2,NA,NA,NA,2,S,1,1,NA,NA,NA,NA,-76.5459736,39.3204491,"5001 sinclair ln, baltimore, md 21206, usa"
1860,3,26,18,1,10139,School No. 248,3880 Sinclair Lane,NA,Baltimore,MD,-21213,1,45,3,8,6,13,NA,NA,NA,2,S,1,1,NA,NA,NA,NA,-76.5607892,39.3150658,"3880 sinclair ln, baltimore, md 21213, usa"
1863,3,26,19,1,10141,Enoch Pratt Free Library Herring Run Branch,3801 Erdman Avenue,NA,Baltimore,MD,-21213,1,45,7,8,6,13,NA,NA,NA,2,O,1,1,NA,NA,NA,NA,-76.5691422,39.3153669,"3801 erdman ave, baltimore, md 21213, usa"
1864,3,25,1,1,10142,School No. 246,301 S. Beechfield Avenue,NA,Baltimore,MD,-21229,1,44A,7,8,6,8,NA,NA,NA,2,S,1,1,NA,NA,NA,NA,-76.6936046,39.2802228,"301 s beechfield ave, baltimore, md 21229, usa"
1865,3,25,2,1,10142,School No. 246,301 S. Beechfield Avenue,NA,Baltimore,MD,-21229,1,44A,7,8,6,8,NA,NA,NA,2,S,1,1,NA,NA,NA,NA,-76.6936046,39.2802228,"301 s beechfield ave, baltimore, md 21229, usa"
1866,3,25,3,1,11414,School No. 226,1207 Pine Heights Avenue,NA,Baltimore,MD,-21229,1,40,3,8,6,10,NA,NA,NA,2,S,1,1,NA,NA,NA,NA,-76.6738792,39.2677918,"1207 pine heights ave, baltimore, md 21229, usa"
1867,3,4,2,1,10143,Steadman Fire Station,15 S. Eutaw Street,NA,Baltimore,MD,-21201,1,40,7,8,6,11,NA,NA,NA,2,F,1,1,NA,NA,NA,NA,-76.6204221,39.2878962,"15 s eutaw st, baltimore, md 21201, usa"
1868,3,4,3,1,10144,Murty Center-Poe Auditorium,206 N. Fremont Avenue,NA,Baltimore,MD,-21201,1,40,7,8,6,11,NA,NA,NA,2,T,1,1,NA,NA,NA,NA,-76.6309544,39.2918792,"206 n fremont ave, baltimore, md 21202, usa"
1869,3,5,1,1,14917,Pleasant View Garden Apts.,201 N. Aisquith Street,NA,Baltimore,MD,21202,1,46,7,8,6,12,NA,NA,NA,2,O,NA,NA,NA,NA,NA,NA,-76.6013299,39.29367730000001,"201 aisquith st, baltimore, md 21202, usa"
1870,3,10,3,1,10146,Latrobe Homes,900 E. Madison Street,NA,Baltimore,MD,-21202,1,46,7,8,6,12,NA,NA,NA,2,O,1,1,NA,NA,NA,NA,NA,NA,NA
1871,3,10,4,1,10147,School No. 16,1101 Valley Street,NA,Baltimore,MD,21202,1,45,7,8,6,12,NA,NA,NA,2,S,1,1,NA,NA,NA,NA,-84.1617522,39.780907,"1101 valley st, dayton, oh 45404, usa"
1872,3,11,1,1,14919,Chase House,1027 Cathedral Street,NA,Baltimore,MD,21201,1,45,7,8,6,12,NA,NA,NA,2,O,NA,NA,NA,NA,NA,NA,-76.61757349999999,39.3019548,"1027 cathedral st, baltimore, md 21201, usa"
1873,3,11,2,1,14919,Chase House,1027 Cathedral Street,NA,Baltimore,MD,21201,1,45,7,8,6,11,NA,NA,NA,2,O,NA,NA,NA,NA,NA,NA,-76.61757349999999,39.3019548,"1027 cathedral st, baltimore, md 21201, usa"
1874,3,11,4,1,10149,School No. 122 Samuel Coleridge-Taylor,507 W. Preston Street,NA,Baltimore,MD,21201,1,44A,7,8,6,11,NA,NA,NA,2,S,1,1,NA,NA,NA,NA,-76.6263539,39.2987594,"507 w preston st, baltimore, md 21201, usa"
1875,3,11,5,1,14919,Chase House,1027 Cathedral Street,NA,Baltimore,MD,21201,1,40,7,8,6,11,NA,NA,NA,2,O,NA,NA,NA,NA,NA,NA,-76.61757349999999,39.3019548,"1027 cathedral st, baltimore, md 21201, usa"
1876,3,11,6,1,10150,Enoch Pratt Free Library Central Branch,400 Cathedral Street,NA,Baltimore,MD,-21201,1,40,7,8,6,11,NA,NA,NA,2,O,1,1,NA,NA,NA,NA,-76.61726279999999,39.2944606,"400 cathedral st, baltimore, md 21201, usa"
1877,3,11,7,1,10151,Waxter Center,1000 Cathedral Street,NA,Baltimore,MD,21201,1,45,7,8,6,12,NA,NA,NA,2,T,1,1,NA,NA,NA,NA,-76.61807519999999,39.3011687,"1000 cathedral st, baltimore, md 21201, usa"
1878,3,14,3,1,10152,Engine House No. 13,405 McMechen Street,NA,Baltimore,MD,21217,1,44A,7,8,6,11,NA,NA,NA,2,F,1,1,NA,NA,NA,NA,-76.6302153,39.3048543,"405 mcmechen st, baltimore, md 21217, usa"
1879,3,14,4,1,10153,School No. 11,1624 Eutaw Place,NA,Baltimore,MD,-21217,1,44A,7,8,6,11,NA,NA,NA,2,S,1,1,NA,NA,NA,NA,-76.6301701,39.306084,"1624 eutaw pl, baltimore, md 21217, usa"
1880,3,14,5,1,10154,Enoch Pratt Free Library Pennsylvania Ave Branch,1531 W. North Avenue at Penns,NA,Baltimore,MD,21217,1,40,7,8,6,7,NA,NA,NA,2,O,1,1,NA,NA,NA,NA,-87.6664919,41.9106537,"1531 w north ave, chicago, il 60642, usa"
1881,3,15,22,1,10180,Monte Verde Apartments,2503 Violet Avenue,NA,Baltimore,MD,21215,1,40,7,8,6,6,NA,NA,NA,2,O,1,0,NA,NA,NA,NA,-76.6571233,39.3313376,"2503 violet ave, baltimore, md 21215, usa"
1882,3,15,23,1,10181,School No. 254,3750 Greenspring Avenue,NA,Baltimore,MD,21211,1,40,7,8,6,6,NA,NA,NA,2,S,1,1,NA,NA,NA,NA,-76.6567028,39.3332284,"3750 greenspring ave, baltimore, md 21211, usa"
1883,3,16,1,1,10159,School No. 35,801 N. Stricker Street,NA,Baltimore,MD,21217,1,44A,7,8,6,9,NA,NA,NA,2,S,1,1,NA,NA,NA,NA,-76.6414971,39.298364,"801 n stricker st, baltimore, md 21217, usa"
1884,3,16,2,1,10159,School No. 35,801 N. Stricker Street,NA,Baltimore,MD,21217,1,40,7,8,6,9,NA,NA,NA,2,S,1,1,NA,NA,NA,NA,-76.6414971,39.298364,"801 n stricker st, baltimore, md 21217, usa"
1885,3,16,3,1,10159,School No. 35,801 N. Stricker Street,NA,Baltimore,MD,21217,1,44A,7,8,6,9,NA,NA,NA,2,S,1,1,NA,NA,NA,NA,-76.6414971,39.298364,"801 n stricker st, baltimore, md 21217, usa"
1886,3,16,4,1,10159,School No. 35,801 N. Stricker Street,NA,Baltimore,MD,21217,1,44A,7,8,6,9,NA,NA,NA,2,S,1,1,NA,NA,NA,NA,-76.6414971,39.298364,"801 n stricker st, baltimore, md 21217, usa"
1887,3,17,1,1,10149,School No. 122 Samuel Coleridge-Taylor,507 W. Preston Street,NA,Baltimore,MD,21201,1,44A,7,8,6,11,NA,NA,NA,2,S,1,1,NA,NA,NA,NA,-76.6263539,39.2987594,"507 w preston st, baltimore, md 21201, usa"
1888,3,17,2,1,10149,School No. 122 Samuel Coleridge-Taylor,507 W. Preston Street,NA,Baltimore,MD,21201,1,40,7,8,6,11,NA,NA,NA,2,S,1,1,NA,NA,NA,NA,-76.6263539,39.2987594,"507 w preston st, baltimore, md 21201, usa"
1889,3,18,1,1,13358,School No. 178,1001 W. Saratoga Street,NA,Baltimore,MD,21223,1,40,7,8,6,9,NA,NA,NA,2,S,1,1,NA,NA,NA,NA,-76.63429049999999,39.29205779999999,"1001 w saratoga st, baltimore, md 21223, usa"
1890,3,18,2,1,10162,School No. 10,31 S. Schroeder Street,NA,Baltimore,MD,21223,1,40,7,8,6,9,NA,NA,NA,2,S,1,1,NA,NA,NA,NA,-76.63308529999999,39.28746080000001,"31 s schroeder st, baltimore, md 21223, usa"
1891,3,19,1,1,10163,School No. 95,1400 W.  Lexington Street,NA,Baltimore,MD,-21223,1,44A,7,8,6,9,NA,NA,NA,2,S,1,1,NA,NA,NA,NA,-87.7002936,41.8719066,"w lexington st, chicago, il, usa"
1892,3,20,1,1,13912,School No. 150,220 North Bentalou Street,NA,Baltimore,MD,-21223,1,44A,7,8,6,9,NA,NA,NA,2,S,1,1,NA,NA,NA,NA,-76.6534542,39.2917419,"220 n bentalou st, baltimore, md 21223, usa"
1893,3,20,2,1,10165,School No. 4,30 S. Gilmor Street,NA,Baltimore,MD,-21223,1,44A,7,8,6,9,NA,NA,NA,2,S,1,1,NA,NA,NA,NA,-76.6426704,39.2868134,"30 s gilmor st, baltimore, md 21223, usa"
1895,3,12,4,1,14657,Enoch Pratt Free Library Waverly Branch,400 E. 33rd Street,NA,Baltimore,MD,21218,1,43,7,8,6,14,NA,NA,NA,2,O,1,1,NA,NA,NA,NA,-73.97521119999999,40.7430663,"400 e 33rd st, new york, ny 10016, usa"
1896,3,12,6,1,10168,School No. 54,2900 Barclay Street,NA,Baltimore,MD,21218,1,43,7,8,6,14,NA,NA,NA,2,S,1,1,NA,NA,NA,NA,-74.0107044,40.7132036,"barclay st, new york, ny 10007, usa"
1897,3,13,6,1,10169,Engine House No. 52,3525 Woodbrook Avenue,NA,Baltimore,MD,21217,1,40,7,8,6,7,NA,NA,NA,2,F,1,0,NA,NA,NA,NA,-76.65131099999999,39.319001,"3525 woodbrook ave, baltimore, md 21217, usa"
1898,3,13,7,1,10170,School No. 24,2235 N. Fulton Avenue,NA,Baltimore,MD,-21217,1,40,7,8,6,7,NA,NA,NA,2,S,1,1,NA,NA,NA,NA,-76.6443354,39.314205,"2235 n fulton ave, baltimore, md 21217, usa"
1899,3,13,8,1,10171,Beth Am In Town Synagogue,2501 Eutaw Place,NA,Baltimore,MD,21217,1,40,7,8,6,7,NA,NA,NA,2,C,1,1,NA,NA,NA,NA,-76.6378007,39.31479179999999,"2501 eutaw pl, baltimore, md 21217, usa"
1901,3,13,10,1,10172,Reservoir Hill Improvement Council,2001 Park Avenue,NA,Baltimore,MD,-21217,1,40,7,8,6,7,NA,NA,NA,2,O,1,1,NA,NA,NA,NA,NA,NA,NA
1902,3,13,9,1,10171,Beth Am In Town Synagogue,2501 Eutaw Place,NA,Baltimore,MD,21217,1,40,7,8,6,7,NA,NA,NA,2,C,1,1,NA,NA,NA,NA,-76.6378007,39.31479179999999,"2501 eutaw pl, baltimore, md 21217, usa"
1903,3,15,10,1,10193,School No. 87,4001 Alto Road,NA,Baltimore,MD,-21216,1,41,7,8,6,6,NA,NA,NA,2,S,1,0,NA,NA,NA,NA,30.9760569,-29.875709,"alton rd, berea, 4001, south africa"
1904,3,15,17,1,10178,School No. 29,1600 N. Payson Street,NA,Baltimore,MD,21217,1,40,7,8,6,7,NA,NA,NA,2,S,1,0,NA,NA,NA,NA,-76.6493508,39.300848,"n payson st, baltimore, md, usa"
1905,3,15,16,1,10177,School No. 454,2201 Presstman Street,NA,Baltimore,MD,-21216,1,40,7,8,6,7,NA,NA,NA,2,S,1,0,NA,NA,NA,NA,-76.6526636,39.3043146,"2201 presstman st, baltimore, md 21216, usa"
1906,3,15,18,1,10155,School No. 107,1300 N. Stricker Street,NA,Baltimore,MD,21217,1,40,7,8,6,7,NA,NA,NA,2,S,1,0,NA,NA,NA,NA,-76.6420182,39.3052598,"1300 n stricker st, baltimore, md 21217, usa"
1907,3,15,19,1,13890,School No. 28,701 Gold Street,NA,Baltimore,MD,21217,1,44A,7,8,6,7,NA,NA,NA,2,S,1,0,NA,NA,NA,NA,-73.9835088,40.6900772,"701 gold st, brooklyn, ny 11201, usa"
1908,3,15,20,1,10179,School No. 142,2400 Windsor Avenue,NA,Baltimore,MD,-21216,1,40,7,8,6,7,NA,NA,NA,2,S,1,0,NA,NA,NA,NA,-72.647638,41.843041,"2400 windsor ave, windsor, ct 06095, usa"
1909,3,15,21,1,10169,Engine House No. 52,3525 Woodbrook Avenue,NA,Baltimore,MD,21217,1,40,7,8,6,7,NA,NA,NA,2,F,1,0,NA,NA,NA,NA,-76.65131099999999,39.319001,"3525 woodbrook ave, baltimore, md 21217, usa"
1910,3,15,24,1,10182,Creative City Charter School #384,2810 Shirley Avenue,NA,Baltimore,MD,21215,1,40,7,8,6,6,NA,NA,NA,2,T,1,0,NA,NA,NA,NA,-118.5571471,34.1608943,"2810 shirley ave, tarzana, ca 91356, usa"
1911,3,15,25,1,10182,Creative City Charter School #384,2810 Shirley Avenue,NA,Baltimore,MD,21215,1,40,7,8,6,6,NA,NA,NA,2,T,1,0,NA,NA,NA,NA,-118.5571471,34.1608943,"2810 shirley ave, tarzana, ca 91356, usa"
1918,3,15,8,1,13888,Liberty Grace Church of God,3400 Copley Road,NA,Baltimore,MD,21215,1,41,7,8,6,6,NA,NA,NA,2,C,1,1,NA,NA,NA,NA,-81.6389123,41.0987532,"3400 copley rd, akron, oh 44321, usa"
1919,3,16,5,1,10155,School No. 107,1300 N. Stricker Street,NA,Baltimore,MD,21217,1,44A,7,8,6,9,NA,NA,NA,2,S,1,0,NA,NA,NA,NA,-76.6420182,39.3052598,"1300 n stricker st, baltimore, md 21217, usa"
1920,3,16,7,1,10185,School No. 262,851 Braddish Avenue,NA,Baltimore,MD,-21216,1,44A,7,8,6,9,NA,NA,NA,2,S,1,1,NA,NA,NA,NA,-76.6591515,39.297427,"851 braddish ave, baltimore, md 21216, usa"
1921,3,15,1,1,10186,School No. 177,4411 Garrison Boulevard,NA,Baltimore,MD,-21215,1,41,7,8,6,6,NA,NA,NA,2,S,1,1,NA,NA,NA,NA,-76.6832299,39.33742489999999,"4411 garrison blvd, baltimore, md 21215, usa"
1922,3,15,2,1,10189,School No. 42 Garrison Middle School,3910 Barrington Road,NA,Baltimore,MD,21207,1,41,7,8,6,6,NA,NA,NA,2,S,1,1,NA,NA,NA,NA,-88.144003,42.06947940000001,"3910 barrington rd, south barrington, il 60010, usa"
1923,3,15,3,1,10187,School No. 251,3701 Fernhill Avenue,NA,Baltimore,MD,-21215,1,41,7,8,6,6,NA,NA,NA,2,S,1,1,NA,NA,NA,NA,-76.6782678,39.3362914,"3701 fernhill ave, baltimore, md 21215, usa"
1924,3,15,6,1,10174,School No. 60,2700 Gwynns Falls Parkway,NA,Baltimore,MD,21216,1,40,7,8,6,7,NA,NA,NA,2,S,1,1,NA,NA,NA,NA,-76.66338019999999,39.3152062,"2700 gwynns falls pkwy, baltimore, md 21216, usa"
1925,3,15,4,1,10183,School No. 58,3935 Hilton Road,NA,Baltimore,MD,21215,1,40,7,8,6,6,NA,NA,NA,2,S,1,1,NA,NA,NA,NA,-83.123733,42.4757203,"3935 hilton rd, ferndale, mi 48220, usa"
1926,3,15,5,1,10183,School No. 58,3935 Hilton Road,NA,Baltimore,MD,21215,1,40,7,8,6,7,NA,NA,NA,2,S,1,1,NA,NA,NA,NA,-83.123733,42.4757203,"3935 hilton rd, ferndale, mi 48220, usa"
1927,3,15,9,1,13889,School No. 64 Liberty Elementary School,3901 Maine Avenue,NA,Baltimore,MD,21207,1,41,7,8,6,6,NA,NA,NA,2,S,1,1,NA,NA,NA,NA,NA,NA,NA
1928,3,15,11,1,10194,School No. 67,1900 Edgewood Street,NA,Baltimore,MD,21216,1,41,7,8,6,7,NA,NA,NA,2,S,1,1,NA,NA,NA,NA,NA,NA,NA
1929,3,15,12,1,10175,Enoch Pratt Free Library Walbrook Branch,3203 W. North Avenue,NA,Baltimore,MD,-21216,1,41,7,8,6,7,NA,NA,NA,2,O,1,0,NA,NA,NA,NA,-87.7073875,41.9099582,"3203 w north ave, chicago, il 60651, usa"
1930,3,15,13,1,10175,Enoch Pratt Free Library Walbrook Branch,3203 W. North Avenue,NA,Baltimore,MD,-21216,1,40,7,8,6,7,NA,NA,NA,2,O,1,0,NA,NA,NA,NA,-87.7073875,41.9099582,"3203 w north ave, chicago, il 60651, usa"
1931,3,15,14,1,10174,School No. 60,2700 Gwynns Falls Parkway,NA,Baltimore,MD,21216,1,40,7,8,6,7,NA,NA,NA,2,S,1,1,NA,NA,NA,NA,-76.66338019999999,39.3152062,"2700 gwynns falls pkwy, baltimore, md 21216, usa"
1932,3,16,6,1,14876,School No. 144,2400 Mosher Street,NA,Baltimore,MD,21216,1,40,7,8,6,9,NA,NA,NA,2,S,NA,NA,NA,NA,NA,NA,-76.6558282,39.299843,"2400 mosher st, baltimore, md 21216, usa"
1933,3,16,8,1,10185,School No. 262,851 Braddish Avenue,NA,Baltimore,MD,-21216,1,40,7,8,6,9,NA,NA,NA,2,S,1,1,NA,NA,NA,NA,-76.6591515,39.297427,"851 braddish ave, baltimore, md 21216, usa"
1934,3,16,9,1,10196,School No. 145,800 Poplar Grove Street,NA,Baltimore,MD,-21216,1,40,7,8,6,9,NA,NA,NA,2,S,1,1,NA,NA,NA,NA,-76.6659178,39.2976548,"800 poplar grove st, baltimore, md 21216, usa"
1935,3,16,10,1,14876,School No. 144,2400 Mosher Street,NA,Baltimore,MD,21216,1,40,7,8,6,9,NA,NA,NA,2,S,NA,NA,NA,NA,NA,NA,-76.6558282,39.299843,"2400 mosher st, baltimore, md 21216, usa"
1936,3,16,11,1,10198,School No. 63,2777 Presstman Street,NA,Baltimore,MD,-21216,1,40,7,8,6,9,NA,NA,NA,2,S,1,1,NA,NA,NA,NA,-76.6626677,39.30428029999999,"2777 presstman st, baltimore, md 21216, usa"
1937,3,16,12,1,10199,School No. 217,1406 N. Ellamont Street,NA,Baltimore,MD,21216,1,40,7,8,6,9,NA,NA,NA,2,S,1,1,NA,NA,NA,NA,-76.6709596,39.3034981,"1406 n ellamont st, baltimore, md 21216, usa"
1938,3,20,5,1,10201,Hilton Recreation Center,2950 Phelps Lane,NA,Baltimore,MD,-21229,1,44A,7,8,6,9,NA,NA,NA,2,T,1,1,NA,NA,NA,NA,-73.327859,40.724471,"phelps ln, north babylon, ny 11703, usa"
1939,3,20,6,1,13613,Mary E. Rodman Recreation Center,3600 West Mulberry Street,NA,Baltimore,MD,-21229,1,41,7,8,6,8,NA,NA,NA,2,T,1,1,NA,NA,NA,NA,-76.6553541,39.2933737,"3600 w mulberry st, baltimore, md 21223, usa"
1941,3,20,7,1,10203,School No. 73,3434 Old Frederick Road,NA,Baltimore,MD,-21229,1,41,7,8,6,8,NA,NA,NA,2,S,1,1,NA,NA,NA,NA,NA,NA,NA
1942,3,20,8,1,10203,School No. 73,3434 Old Frederick Road,NA,Baltimore,MD,-21229,1,44A,7,8,6,8,NA,NA,NA,2,S,1,1,NA,NA,NA,NA,NA,NA,NA
1943,3,20,9,1,13913,Academy of  Success,525 Hurley Avenue,NA,Baltimore,MD,-21223,1,44A,7,8,6,10,NA,NA,NA,2,T,0,1,NA,NA,NA,NA,-74.0514221,41.933278,"525 hurley ave, hurley, ny 12443, usa"
1944,3,20,10,1,10206,Academy of Success,525 Hurley Avenue,NA,Baltimore,MD,-21223,1,40,7,8,6,9,NA,NA,NA,2,S,1,1,NA,NA,NA,NA,-74.0514221,41.933278,"525 hurley ave, hurley, ny 12443, usa"
1945,3,20,4,1,10200,Voting Machine Warehouse,301 N. Franklintown Road,NA,Baltimore,MD,-21223,1,44A,7,8,6,9,NA,NA,NA,2,O,1,1,NA,NA,NA,NA,-76.6613951,39.2921868,"301 n franklintown rd, baltimore, md 21223, usa"
1946,3,20,3,1,10206,Academy of Success,525 Hurley Avenue,NA,Baltimore,MD,-21223,1,44A,7,8,6,9,NA,NA,NA,2,S,1,1,NA,NA,NA,NA,-74.0514221,41.933278,"525 hurley ave, hurley, ny 12443, usa"
1947,3,28,5,1,10207,Forest Park Senior Center,4801 Liberty Heights Avenue,NA,Baltimore,MD,-21207,1,41,7,8,6,5,NA,NA,NA,2,T,1,1,NA,NA,NA,NA,-76.6980276,39.3316534,"4801 liberty heights ave, gwynn oak, md 21207, usa"
1948,3,28,3,1,10186,School No. 177,4411 Garrison Boulevard,NA,Baltimore,MD,-21215,1,41,7,8,6,6,NA,NA,NA,2,S,1,1,NA,NA,NA,NA,-76.6832299,39.33742489999999,"4411 garrison blvd, baltimore, md 21215, usa"
1949,3,28,4,1,14037,School No. 224,5545 Kennison Avenue,NA,Baltimore,MD,21215,1,41,7,8,6,5,NA,NA,NA,2,S,1,NA,NA,NA,NA,NA,-76.69942569999999,39.3421696,"5545 kennison ave, baltimore, md 21215, usa"
1950,3,28,8,1,13889,School No. 64 Liberty Elementary School,3901 Maine Avenue,NA,Baltimore,MD,21207,1,41,7,8,6,8,NA,NA,NA,2,S,1,1,NA,NA,NA,NA,NA,NA,NA
1952,3,28,13,1,14172,Westside Skill Center Athol Entrance,4501 Edmondson Ave,NA,Baltimore,MD,21229,1,44A,7,8,6,8,NA,NA,NA,2,T,1,1,NA,0,NA,NA,-76.69122569999999,39.2928647,"4501 edmondson ave, baltimore, md 21229, usa"
1953,3,13,11,1,10210,School No. 55,3608 Chestnut Avenue,NA,Baltimore,MD,21211,1,43,7,8,6,14,NA,NA,NA,2,S,1,1,NA,NA,NA,NA,NA,NA,NA
1954,3,13,12,1,10210,School No. 55,3608 Chestnut Avenue,NA,Baltimore,MD,21211,1,40,3,8,6,14,NA,NA,NA,2,S,1,1,NA,NA,NA,NA,NA,NA,NA
1955,3,28,2,1,14037,School No. 224,5545 Kennison Avenue,NA,Baltimore,MD,21215,1,41,7,8,6,5,NA,NA,NA,2,S,1,NA,NA,NA,NA,NA,-76.69942569999999,39.3421696,"5545 kennison ave, baltimore, md 21215, usa"
1957,3,28,6,1,10207,Forest Park Senior Center,4801 Liberty Heights Avenue,NA,Baltimore,MD,-21207,1,41,7,8,6,8,NA,NA,NA,2,T,1,1,NA,NA,NA,NA,-76.6980276,39.3316534,"4801 liberty heights ave, gwynn oak, md 21207, usa"
1959,3,28,9,1,10213,School No. 201,5025 Dickey Hill Road,NA,Baltimore,MD,-21207,1,41,7,8,6,8,NA,NA,NA,2,S,1,1,NA,NA,NA,NA,-76.7035982,39.3114128,"5025 dickey hill rd, baltimore, md 21207, usa"
1960,3,28,11,1,10214,School No. 232,605 Dryden Drive,NA,Baltimore,MD,21229,1,41,7,8,6,8,NA,NA,NA,2,S,0,1,NA,NA,NA,NA,-76.6977994,39.2950166,"605 dryden dr, baltimore, md 21229, usa"
1961,3,28,10,1,10214,School No. 232,605 Dryden Drive,NA,Baltimore,MD,21229,1,41,7,8,6,8,NA,NA,NA,2,S,0,1,NA,NA,NA,NA,-76.6977994,39.2950166,"605 dryden dr, baltimore, md 21229, usa"
1962,3,28,12,1,10214,School No. 232,605 Dryden Drive,NA,Baltimore,MD,21229,1,41,7,8,6,8,NA,NA,NA,2,S,0,1,NA,NA,NA,NA,-76.6977994,39.2950166,"605 dryden dr, baltimore, md 21229, usa"
1963,3,28,14,1,10142,School No. 246 Annex,301 S. Beechfield Avenue,NA,Baltimore,MD,-21229,1,44A,7,8,6,8,NA,NA,NA,2,S,1,1,NA,NA,NA,NA,-76.6936046,39.2802228,"301 s beechfield ave, baltimore, md 21229, usa"
1964,3,28,15,1,10217,School No. 80 West Baltimore,201 North Bend Road,NA,Baltimore,MD,-21229,1,44A,7,8,6,8,NA,NA,NA,2,S,1,1,NA,NA,NA,NA,-76.705512,39.2838344,"201 n bend rd, baltimore, md 21229, usa"
1966,3,27,45,1,13905,St. David's Church,4700 Roland Avenue,NA,Baltimore,MD,21210,1,41,3,8,6,6,NA,NA,NA,2,C,1,1,NA,NA,NA,NA,-76.63645869999999,39.34791389999999,"4700 roland ave, baltimore, md 21210, usa"
1967,3,27,52,1,10218,Levindale Home,2434 W. Belvedere Avenue,NA,Baltimore,MD,-21215,1,41,7,8,6,6,NA,NA,NA,2,O,1,1,NA,NA,NA,NA,-76.66536529999999,39.3543022,"2434 w belvedere ave, baltimore, md 21215, usa"
1968,3,9,1,1,13887,Church of the Redeemed,4321 Old York Road,NA,Baltimore,MD,-21212,1,43,7,8,6,4,NA,NA,NA,2,C,1,1,NA,NA,NA,NA,-75.1471426,40.0192252,"4321 old york rd, philadelphia, pa 19140, usa"
1969,3,9,2,1,13911,Ellerslie Apartments,601 Wyanoke Avenue,NA,Baltimore,MD,21218,1,43,7,8,6,4,NA,NA,NA,2,O,1,1,NA,NA,NA,NA,-76.60726509999999,39.336703,"601 wyanoke ave, baltimore, md 21218, usa"
1970,3,9,6,1,10221,School No. 410,3500 Hillen Road,NA,Baltimore,MD,21218,1,43,7,8,6,14,NA,NA,NA,2,S,1,1,NA,NA,NA,NA,-76.5908795,39.3330492,"3500 hillen rd, baltimore, md 21218, usa"
1971,3,11,3,1,10222,Brown Memorial Church,1316 Park Avenue,NA,Baltimore,MD,21217,1,40,7,8,6,11,NA,NA,NA,2,C,1,1,NA,NA,NA,NA,-73.9509123,40.7890216,"1316 park ave, new york, ny 10029, usa"
1972,3,12,1,1,10223,1st English Lutheran Church,3807 N. Charles Street,NA,Baltimore,MD,21218,1,43,3,8,6,14,NA,NA,NA,2,C,1,1,NA,NA,NA,NA,-76.6175787,39.33540139999999,"3807 n charles st, baltimore, md 21218, usa"
1973,3,12,2,1,10223,1st English Lutheran Church,3807 N. Charles Street,NA,Baltimore,MD,21218,1,43,7,8,6,14,NA,NA,NA,2,C,1,1,NA,NA,NA,NA,-76.6175787,39.33540139999999,"3807 n charles st, baltimore, md 21218, usa"
1974,3,12,3,1,10224,The Greenmount School,501 W. 30th Street,NA,Baltimore,MD,-21211,1,43,7,8,6,14,NA,NA,NA,2,S,0,1,NA,NA,NA,NA,-74.0011174,40.7525462,"501 w 30th st, new york, ny 10001, usa"
1975,3,12,5,1,14657,Enoch Pratt Free Library Waverly Branch,400 E. 33rd Street,NA,Baltimore,MD,21218,1,43,7,8,6,14,NA,NA,NA,2,O,1,1,NA,NA,NA,NA,-73.97521119999999,40.7430663,"400 e 33rd st, new york, ny 10016, usa"
1976,3,12,7,1,10168,School No. 54,2900 Barclay Street,NA,Baltimore,MD,21218,1,43,7,8,6,12,NA,NA,NA,2,S,1,1,NA,NA,NA,NA,-74.0107044,40.7132036,"barclay st, new york, ny 10007, usa"
1977,3,12,8,1,10225,School No. 53 Brent ES,100 E. 26th Street,NA,Baltimore,MD,21218,1,43,7,8,6,12,NA,NA,NA,2,S,1,1,NA,NA,NA,NA,-73.9849272,40.7420665,"100 e 26th st, new york, ny 10010, usa"
1978,3,12,9,1,10226,Wyman House,123 W. 29th Street,NA,Baltimore,MD,21218,1,43,7,8,6,12,NA,NA,NA,2,O,1,1,NA,NA,NA,NA,-73.9909496,40.747136,"123 w 29th st, new york, ny 10001, usa"
1979,3,12,11,1,10228,School No. 39 Dallas F. Nicholas Sr,201 East 21st Street,NA,Baltimore,MD,-21218,1,43,7,8,6,12,NA,NA,NA,2,S,1,1,NA,NA,NA,NA,-73.9836965,40.7375456,"201 e 21st st, new york, ny 10010, usa"
1980,3,12,10,1,10225,School No. 53 Brent ES,100 E. 26th Street,NA,Baltimore,MD,21218,1,43,7,8,6,12,NA,NA,NA,2,S,1,1,NA,NA,NA,NA,-73.9849272,40.7420665,"100 e 26th st, new york, ny 10010, usa"
1981,3,12,12,1,11963,School No. 336 Baltimore Montessori,1600 Guilford Avenue,NA,Baltimore,MD,21202,1,45,7,8,6,12,NA,NA,NA,2,S,1,1,NA,NA,NA,NA,-76.6124786,39.3081642,"1600 guilford ave, baltimore, md 21202, usa"
1984,3,14,1,1,10231,Mt. Royal Recreation Center,120 W. Mosher Street,NA,Baltimore,MD,-21217,1,40,7,8,6,11,NA,NA,NA,2,T,1,1,NA,NA,NA,NA,-76.6243485,39.3090305,"120 mosher st, baltimore, md 21217, usa"
1985,3,14,2,1,10231,Mt. Royal Recreation Center,120 W. Mosher Street,NA,Baltimore,MD,-21217,1,40,7,8,6,11,NA,NA,NA,2,T,1,1,NA,NA,NA,NA,-76.6243485,39.3090305,"120 mosher st, baltimore, md 21217, usa"
1986,3,5,2,1,11883,School No. 414 Paul Dunbar High,1400 Orleans Street,NA,Baltimore,MD,21231,1,45,7,8,6,12,NA,NA,NA,2,S,1,1,NA,NA,NA,NA,-76.59847409999999,39.2954888,"1400 orleans st, baltimore, md 21231, usa"
1988,3,6,2,1,10234,School No. 27,100 N. Chester Street,NA,Baltimore,MD,-21231,1,46,7,8,6,13,NA,NA,NA,2,S,1,1,NA,NA,NA,NA,NA,NA,NA
1989,3,6,3,1,10234,School No. 27,100 N. Chester Street,NA,Baltimore,MD,-21231,1,45,7,8,6,13,NA,NA,NA,2,S,1,1,NA,NA,NA,NA,NA,NA,NA
1990,3,6,4,1,10234,School No. 27,100 N. Chester Street,NA,Baltimore,MD,-21231,1,46,7,8,6,13,NA,NA,NA,2,S,1,1,NA,NA,NA,NA,NA,NA,NA
1991,3,7,1,1,11883,School No. 414 Paul Dunbar High,1400 Orleans Street,NA,Baltimore,MD,21231,1,45,7,8,6,12,NA,NA,NA,2,S,1,1,NA,NA,NA,NA,-76.59847409999999,39.2954888,"1400 orleans st, baltimore, md 21231, usa"
1992,3,7,2,1,13990,School No. 13,600 N. Patterson Park Avenue,NA,Baltimore,MD,21205,1,45,7,8,6,13,NA,NA,NA,2,S,NA,NA,NA,NA,NA,NA,-76.5855756,39.2980118,"600 n patterson park ave, baltimore, md 21205, usa"
1993,3,7,3,1,13990,School No. 13,600 N. Patterson Park Avenue,NA,Baltimore,MD,21205,1,45,7,8,6,13,NA,NA,NA,2,S,NA,NA,NA,NA,NA,NA,-76.5855756,39.2980118,"600 n patterson park ave, baltimore, md 21205, usa"
1994,3,7,4,1,14656,The Elevation Chapel AME Church,2931 E. Madison Street,NA,Baltimore,MD,21205,1,45,7,8,6,13,NA,NA,NA,2,C,1,1,NA,NA,NA,NA,NA,NA,NA
1997,3,8,4,1,10240,School No. 37,1919 N. Broadway,NA,Baltimore,MD,21213,1,45,7,8,6,14,NA,NA,NA,2,S,1,1,NA,NA,NA,NA,NA,NA,NA
1998,3,8,5,1,10240,School No. 37,1919 N. Broadway,NA,Baltimore,MD,21213,1,45,7,8,6,12,NA,NA,NA,2,S,1,1,NA,NA,NA,NA,NA,NA,NA
2000,3,8,6,1,10241,School No. 250,1400 N. Caroline Street,NA,Baltimore,MD,21213,1,45,7,8,6,12,NA,NA,NA,2,S,1,1,NA,NA,NA,NA,-76.5988473,39.30665279999999,"1400 n caroline st, baltimore, md 21213, usa"
2001,3,8,7,1,13182,Collington Square Recreation Center,1409 North Collington Avenue,NA,Baltimore,MD,-21213,1,45,7,8,6,13,NA,NA,NA,2,T,1,1,NA,NA,NA,NA,-76.58669909999999,39.3072271,"1409 n collington ave, baltimore, md 21213, usa"
2002,3,8,8,1,11374,The Maryland State Boys Choir Center For the Arts,3400 Norman Avenue,NA,Baltimore,MD,-21213,1,43,3,8,6,3,NA,NA,NA,2,O,1,1,NA,NA,NA,NA,-73.9471227,40.7269704,"norman ave, brooklyn, ny 11222, usa"
2003,3,8,9,1,11374,The Maryland State Boys Choir Center For the Arts,3400 Norman Avenue,NA,Baltimore,MD,-21213,1,45,3,8,6,3,NA,NA,NA,2,O,1,1,NA,NA,NA,NA,-73.9471227,40.7269704,"norman ave, brooklyn, ny 11222, usa"
2004,3,8,10,1,10244,School No. 85 Ft. Worthington Elem,2701 E. Oliver Street,NA,Baltimore,MD,21213,1,45,7,8,6,13,NA,NA,NA,2,S,1,1,NA,NA,NA,NA,-76.5787136,39.3078844,"2701 e oliver st, baltimore, md 21213, usa"
2005,3,8,11,1,10245,School No. 86,2625 E. Federal Street,NA,Baltimore,MD,-21213,1,45,7,8,6,13,NA,NA,NA,2,S,1,1,NA,NA,NA,NA,NA,NA,NA
2007,3,9,8,1,10248,Coldstream Recreation Center,1401 Fillmore Street,NA,Baltimore,MD,21218,1,43,7,8,6,14,NA,NA,NA,2,T,1,1,NA,NA,NA,NA,-122.4327496,37.7825262,"1401 fillmore st, san francisco, ca 94115, usa"
2008,3,9,9,1,10251,School No. 31,1400 Exeter Hall Avenue,NA,Baltimore,MD,-21218,1,43,7,8,6,14,NA,NA,NA,2,S,1,1,NA,NA,NA,NA,-76.6021876,39.3219382,"1400 exeter hall ave, baltimore, md 21218, usa"
2009,3,9,10,1,10250,Engine House No. 31,3123 Greenmount Avenue,NA,Baltimore,MD,21218,1,43,7,8,6,14,NA,NA,NA,2,F,1,1,NA,NA,NA,NA,-76.6090032,39.3268355,"3123 greenmount ave, baltimore, md 21218, usa"
2010,3,9,11,1,10251,School No. 31,1400 Exeter Hall Avenue,NA,Baltimore,MD,-21218,1,43,7,8,6,14,NA,NA,NA,2,S,1,1,NA,NA,NA,NA,-76.6021876,39.3219382,"1400 exeter hall ave, baltimore, md 21218, usa"
2011,3,9,12,1,10248,Coldstream Recreation Center,1401 Fillmore Street,NA,Baltimore,MD,21218,1,43,7,8,6,14,NA,NA,NA,2,T,1,1,NA,NA,NA,NA,-122.4327496,37.7825262,"1401 fillmore st, san francisco, ca 94115, usa"
2012,3,9,13,1,11923,School No. 7,2000 Cecil Avenue,NA,Baltimore,MD,-21218,1,45,7,8,6,12,NA,NA,NA,2,S,1,1,NA,NA,NA,NA,-119.2282333,35.7758669,"2000 cecil ave, delano, ca 93215, usa"
2013,3,9,14,1,11923,School No. 7,2000 Cecil Avenue,NA,Baltimore,MD,-21218,1,43,7,8,6,12,NA,NA,NA,2,S,1,1,NA,NA,NA,NA,-119.2282333,35.7758669,"2000 cecil ave, delano, ca 93215, usa"
2014,3,9,15,1,10253,Dawson Center,1400 E. Federal Street,NA,Baltimore,MD,21213,1,45,7,8,6,12,NA,NA,NA,2,T,1,1,NA,NA,NA,NA,-75.4326818,40.588235,"1400 e federal st, allentown, pa 18103, usa"
2017,3,10,1,1,10147,School No. 16,1101 Valley Street,NA,Baltimore,MD,21202,1,45,7,8,6,12,NA,NA,NA,2,S,1,1,NA,NA,NA,NA,-84.1617522,39.780907,"1101 valley st, dayton, oh 45404, usa"
2018,3,10,2,1,10255,New Waters Tower,1400 E. Madison Street,NA,Baltimore,MD,-21205,1,45,7,8,6,12,NA,NA,NA,2,O,1,1,NA,NA,NA,NA,NA,NA,NA
2019,3,6,1,1,10239,School No. 83,200 N. Lakewood Avenue,NA,Baltimore,MD,21224,1,46,7,8,6,13,NA,NA,NA,2,S,1,1,NA,NA,NA,NA,-76.5796397,39.2953732,"200 n lakewood ave, baltimore, md 21224, usa"
2020,3,19,2,1,10165,School No. 4,30 S. Gilmor Street,NA,Baltimore,MD,-21223,1,40,7,8,6,9,NA,NA,NA,2,S,1,1,NA,NA,NA,NA,-76.6426704,39.2868134,"30 s gilmor st, baltimore, md 21223, usa"
2022,3,20,11,1,10257,School No. 98,424 S. Pulaski Street,NA,Baltimore,MD,-21223,1,40,7,8,6,9,NA,NA,NA,2,S,1,1,NA,NA,NA,NA,-76.6504349,39.2818136,"424 s pulaski st, baltimore, md 21223, usa"
2026,4,2,6,1,11588,Milford Mill Academy Gym,3800 Washington Avenue,NA,Baltimore,MD,21244,1,10,7,3,2,4,NA,NA,NA,2,S,1,1,NA,NA,NA,NA,NA,NA,NA
2027,4,2,9,1,10262,Scotts Branch Elementary School Gym,8220 Tawnmoore Road,NA,Baltimore,MD,-21244,1,10,7,3,2,4,NA,NA,NA,2,S,1,1,NA,NA,NA,NA,-76.7640603,39.3585547,"8220 tawnmoore rd, windsor mill, md 21244, usa"
2028,4,2,10,1,10263,Winfield Elementary School Gym,8300 Carlson Lane,NA,Baltimore,MD,-21244,1,10,2,3,2,4,NA,NA,NA,2,S,1,1,NA,NA,NA,NA,NA,NA,NA
2029,4,1,6,1,10264,Edmondson Heights Elementary School Gym,1600 Langford Road,NA,Baltimore,MD,-21207,1,44B,7,3,2,1,NA,NA,NA,2,S,1,1,NA,NA,NA,NA,-80.8702084,34.21250420000001,"1600 langford rd, blythewood, sc 29016, usa"
2030,4,1,7,1,13552,Westowne Elementary School Cafeteria,401 Harlem Lane,NA,Baltimore,MD,-21228,1,44B,7,3,2,1,NA,NA,NA,2,S,1,1,NA,NA,NA,NA,-76.72580599999999,39.2861029,"401 harlem ln, catonsville, md 21228, usa"
2031,4,1,8,1,13552,Westowne Elementary School Gym,401 Harlem Lane,NA,Baltimore,MD,-21228,1,44B,7,3,2,1,NA,NA,NA,2,S,1,1,NA,NA,NA,NA,-76.72580599999999,39.2861029,"401 harlem ln, catonsville, md 21228, usa"
2032,4,1,9,1,12809,Banneker Community Center Gym,27 Main Avenue,NA,Baltimore,MD,-21228,1,12,7,3,2,1,NA,NA,NA,2,T,1,1,NA,NA,NA,NA,NA,NA,NA
2033,4,1,10,1,13010,Hillcrest Elementary School Cafeteria,1500 Frederick Road,NA,Baltimore,MD,-21228,1,12,7,3,2,1,NA,NA,NA,2,S,1,1,NA,NA,NA,NA,-76.7462546,39.2700405,"1500 frederick rd, catonsville, md 21228, usa"
2034,4,1,11,1,10269,St. Paul Lutheran Church Hall,2001 Old Frederick Road,NA,Baltimore,MD,-21228,1,44B,7,3,2,1,NA,NA,NA,2,C,1,1,NA,NA,NA,NA,-76.7597854,39.2784286,"2001 old frederick rd, catonsville, md 21228, usa"
2035,4,1,12,1,10270,Catonsville Middle School Cafeteria,2301 Edmondson Avenue,NA,Baltimore,MD,-21228,1,44B,7,3,2,1,NA,NA,NA,2,S,1,1,NA,NA,NA,NA,-76.6533752,39.2946116,"2301 edmondson ave, baltimore, md 21223, usa"
2036,4,1,2,1,10271,Chadwick Elementary School Gym,1918 Winder Road,NA,Baltimore,MD,-21244,1,10,7,3,2,1,NA,NA,NA,2,S,1,1,NA,NA,NA,NA,-76.7647613,39.3137143,"1918 winder rd, windsor mill, md 21244, usa"
2037,4,2,11,1,10272,Windsor Mill Middle School Cafeteria,8300 Windsor Mill Road,NA,Baltimore,MD,21244,1,10,7,3,2,4,NA,NA,NA,2,S,1,1,NA,NA,NA,NA,-76.7863979,39.3528539,"8300 windsor mill rd, windsor mill, md 21244, usa"
2038,4,2,3,1,10273,Featherbed Lane Elementary Primary School Cafe,6700 Richardson Road,NA,Baltimore,MD,-21207,1,10,7,3,2,4,NA,NA,NA,2,S,1,1,NA,NA,NA,NA,NA,NA,NA
2039,4,2,1,1,13011,Powhatan Elementary School Gym,3300 Kelox Road,NA,Baltimore,MD,-21207,1,44B,7,3,2,4,NA,NA,NA,2,S,1,1,NA,NA,NA,NA,-76.7202142,39.3345422,"3300 kelox rd, gwynn oak, md 21207, usa"
2040,4,2,2,1,13011,Powhatan Elementary School Cafeteria,3300 Kelox Road,NA,Baltimore,MD,-21207,1,44B,7,3,2,4,NA,NA,NA,2,S,1,1,NA,NA,NA,NA,-76.7202142,39.3345422,"3300 kelox rd, gwynn oak, md 21207, usa"
2041,4,2,5,1,10276,Hebbville Elementary School M/P Rm,3335 Washington Avenue,NA,Baltimore,MD,-21244,1,10,7,3,2,4,NA,NA,NA,2,S,1,1,NA,NA,NA,NA,NA,NA,NA
2042,4,3,1,1,11581,Augsburg Lutheran Home Rec Room,6811 Campfield Road,NA,Baltimore,MD,-21207,1,44B,7,3,2,4,NA,NA,NA,2,O,1,1,NA,NA,NA,NA,-76.7253551,39.3489156,"6811 campfield rd, gwynn oak, md 21207, usa"
2043,4,1,3,1,13012,Woodbridge Elementary School Gym,1410 Pleasant Valley Drive,NA,Baltimore,MD,-21228,1,44B,7,3,2,1,NA,NA,NA,2,S,1,1,NA,NA,NA,NA,-92.3909525,42.5105744,"1410 pleasant valley dr, waterloo, ia 50701, usa"
2044,4,1,4,1,13012,Woodbridge Elementary School Cafeteria,1410 Pleasant Valley Drive,NA,Baltimore,MD,-21228,1,44B,7,3,2,1,NA,NA,NA,2,S,1,1,NA,NA,NA,NA,-92.3909525,42.5105744,"1410 pleasant valley dr, waterloo, ia 50701, usa"
2045,4,1,5,1,10280,Johnnycake Elementary School M/P Rm,5910 Craigmont Road,NA,Baltimore,MD,-21228,1,44B,7,3,2,1,NA,NA,NA,2,S,1,1,NA,NA,NA,NA,-76.7352191,39.2930796,"5910 craigmont rd, baltimore, md 21228, usa"
2046,4,1,1,1,10281,Woodlawn High School Cafeteria,1801 Woodlawn Drive,NA,Baltimore,MD,-21207,1,44B,7,3,2,1,NA,NA,NA,2,S,1,1,NA,NA,NA,NA,-76.7335452,39.3159988,"1801 woodlawn dr, woodlawn, md 21207, usa"
2827,3,9,3,1,11030,School No. 51,3400 Ellerslie Avenue,NA,Baltimore,MD,21218,1,43,7,8,6,14,NA,NA,NA,2,S,1,1,NA,NA,NA,NA,-76.6050329,39.330286,"3400 ellerslie ave, baltimore, md 21218, usa"
2828,3,9,4,1,11030,School No. 51,3400 Ellerslie Avenue,NA,Baltimore,MD,21218,1,43,7,8,6,14,NA,NA,NA,2,S,1,1,NA,NA,NA,NA,-76.6050329,39.330286,"3400 ellerslie ave, baltimore, md 21218, usa"
2829,3,9,5,1,10221,School No. 410,3500 Hillen Road,NA,Baltimore,MD,21218,1,43,7,8,6,14,NA,NA,NA,2,S,1,1,NA,NA,NA,NA,-76.5908795,39.3330492,"3500 hillen rd, baltimore, md 21218, usa"
2834,4,2,4,1,11034,Woodmoor Elementary School M/P Rm,3200 Elba Drive,NA,Baltimore,MD,-21207,1,44B,7,3,2,4,NA,NA,NA,2,S,1,1,NA,NA,NA,NA,-76.740596,39.3375359,"3200 elba dr, gwynn oak, md 21207, usa"
2846,3,15,15,1,10177,School No. 454,2201 Presstman Street,NA,Baltimore,MD,-21216,1,40,7,8,6,7,NA,NA,NA,2,S,1,0,NA,NA,NA,NA,-76.6526636,39.3043146,"2201 presstman st, baltimore, md 21216, usa"
2849,3,16,13,1,11046,St. Bernardine's Hall,614 Mt. Holly Street,NA,Baltimore,MD,-21229,1,41,7,8,6,8,NA,NA,NA,2,C,1,1,NA,NA,NA,NA,-76.67981110000001,39.2969672,"614 mt holly st, baltimore, md 21229, usa"
2908,4,1,13,1,13010,Hillcrest Elementary School Gym,1500 Frederick Road,NA,Baltimore,MD,-21228,1,12,7,3,2,1,NA,NA,NA,2,S,1,1,NA,NA,NA,NA,-76.7462546,39.2700405,"1500 frederick rd, catonsville, md 21228, usa"
2909,4,1,14,1,13759,Catonsville High School Gym,421 Bloomsbury Avenue,NA,Baltimore,MD,-21228,1,12,7,3,2,1,NA,NA,NA,2,S,1,1,NA,NA,NA,NA,-76.7316681,39.2592723,"421 bloomsbury ave, catonsville, md 21228, usa"
2910,4,1,15,1,11101,Western School of Technology Gym,100 Kenwood Avenue,NA,Baltimore,MD,-21228,1,44B,7,3,2,1,NA,NA,NA,2,S,1,1,NA,NA,NA,NA,-76.53190430000001,39.3539797,"100 kenwood ave, baltimore, md 21206, usa"
2911,4,1,16,1,11102,Charlestown Retirement Community Conf Ctr,719 Maiden Choice Lane,NA,Baltimore,MD,-21228,1,12,7,3,2,1,NA,NA,NA,2,T,1,1,NA,NA,NA,NA,-76.69979219999999,39.268301,"719 maiden choice ln, catonsville, md 21228, usa"
2938,3,16,14,1,14172,Westside Skill Center,4501 Edmondson Ave,NA,Baltimore,MD,21229,1,41,7,8,6,8,NA,NA,NA,2,T,1,1,NA,0,NA,NA,-76.69122569999999,39.2928647,"4501 edmondson ave, baltimore, md 21229, usa"
3006,4,15,5,1,13925,Martin Blvd. Elementary School Gym,210 Riverton Road,NA,Baltimore,MD,-21220,1,7,2,3,2,6,NA,NA,NA,2,S,1,1,NA,NA,NA,NA,-74.9790948,39.9874627,"riverton rd, new jersey, usa"
3007,4,15,6,1,11172,Oliver Beach Elementary School Gym,12912 Cunninghill Cove Road,NA,Baltimore,MD,-21220,1,7,2,3,2,6,NA,NA,NA,2,S,1,1,NA,NA,NA,NA,-76.3540508,39.3700406,"12912 cunninghill cove rd, middle river, md 21220, usa"
3008,4,15,7,1,11173,Chase Elementary School Gym,11701 Eastern Avenue,NA,Baltimore,MD,-21220,1,7,2,3,2,6,NA,NA,NA,2,S,1,1,NA,NA,NA,NA,NA,NA,NA
3009,4,15,8,1,11174,Seneca Elementary School Gym,545 Carrollwood Road,NA,Baltimore,MD,-21220,1,7,2,3,2,6,NA,NA,NA,2,S,1,1,NA,NA,NA,NA,-76.3911296,39.3294167,"545 carrollwood rd, middle river, md 21220, usa"
3010,4,15,9,1,11175,Middle River Volunteer Fire Department Hall,1100 Wilson Point Road,NA,Baltimore,MD,-21220,1,7,2,3,2,6,NA,NA,NA,2,F,1,1,NA,NA,NA,NA,-76.423452,39.3220643,"1100 wilson point rd, middle river, md 21220, usa"
3011,4,15,10,1,11176,Hawthorne Elementary School Gym,125 Kingston Road,NA,Baltimore,MD,-21220,1,7,2,3,2,6,NA,NA,NA,2,S,1,1,NA,NA,NA,NA,NA,NA,NA
3012,4,15,11,1,11177,Middlesex Elementary School Gym,142 Bennett Road,NA,Baltimore,MD,-21221,1,6,2,3,2,7,NA,NA,NA,2,S,1,1,NA,NA,NA,NA,NA,NA,NA
3013,4,15,12,1,11178,Essex Co-Op Community Center,1000 Franklin Avenue,NA,Baltimore,MD,-21221,1,6,2,3,2,7,NA,NA,NA,2,O,1,1,NA,NA,NA,NA,-73.63609819999999,40.7297898,"1000 franklin ave, garden city, ny 11530, usa"
3014,4,15,13,1,11179,Eastern Technical High School Cafeteria,1100 Mace Avenue,NA,Baltimore,MD,-21221,1,6,2,3,2,7,NA,NA,NA,2,S,1,1,NA,NA,NA,NA,-76.4732715,39.32538890000001,"1100 mace ave, baltimore, md 21221, usa"
3015,4,15,14,1,11180,Essex Elementary School Gym,100 Mace Avenue,NA,Baltimore,MD,-21221,1,6,2,3,2,7,NA,NA,NA,2,S,1,1,NA,NA,NA,NA,-76.4798953,39.30918459999999,"100 mace ave, essex, md 21221, usa"
3016,4,15,15,1,11181,Sussex Elementary School Gym,515 S. Woodward Drive,NA,Baltimore,MD,-21221,1,6,2,3,2,7,NA,NA,NA,2,S,1,1,NA,NA,NA,NA,-76.4701358,39.3029371,"515 s woodward dr, essex, md 21221, usa"
3017,4,15,16,1,11182,Deep Creek Elementary School M/P Rm,1101 E. Homberg Avenue,NA,Baltimore,MD,-21221,1,6,2,3,2,7,NA,NA,NA,2,S,1,1,NA,NA,NA,NA,-76.4549084,39.3081114,"1101 e homberg ave, baltimore, md 21221, usa"
3018,4,15,17,1,11183,Deep Creek Middle School Gym,1000 S. Marlyn Avenue,NA,Baltimore,MD,-21221,1,6,2,3,2,7,NA,NA,NA,2,S,1,1,NA,NA,NA,NA,-76.45499819999999,39.2935446,"1000 s marlyn ave, essex, md 21221, usa"
3019,4,15,18,1,11184,Middleborough Elementary School Gym,313 West Road,NA,Baltimore,MD,-21221,1,6,2,3,2,7,NA,NA,NA,2,S,1,1,NA,NA,NA,NA,NA,NA,NA
3021,4,15,4,1,11186,Middle River Middle School Cafeteria,800 Middle River Road,NA,Baltimore,MD,-21220,1,6,2,3,2,6,NA,NA,NA,2,S,1,1,NA,NA,NA,NA,-76.45133779999999,39.3441866,"800 middle river rd, middle river, md 21220, usa"
3022,4,15,3,1,11187,Orems Elementary School M/P Rm,711 High Villa Road,NA,Baltimore,MD,-21221,1,7,2,3,2,6,NA,NA,NA,2,S,1,1,NA,NA,NA,NA,NA,NA,NA
3023,4,12,1,1,11189,Berkshire Elementary School Cafeteria,7431 Poplar Avenue,NA,Baltimore,MD,-21224,1,6,2,3,2,7,NA,NA,NA,2,S,1,1,NA,NA,NA,NA,-89.8146879,35.0951844,"7431 poplar ave, germantown, tn 38138, usa"
3024,4,12,2,1,11189,Berkshire Elementary School Gym,7431 Poplar Avenue,NA,Baltimore,MD,-21224,1,6,2,3,2,7,NA,NA,NA,2,S,1,1,NA,NA,NA,NA,-89.8146879,35.0951844,"7431 poplar ave, germantown, tn 38138, usa"
3025,4,12,3,1,11190,Norwood Elementary School Gym,1700 Delvale Avenue,NA,Baltimore,MD,-21222,1,6,2,3,2,7,NA,NA,NA,2,S,1,1,NA,NA,NA,NA,-76.51850739999999,39.27578150000001,"1700 delvale ave, baltimore, md 21222, usa"
3026,4,12,4,1,11191,Gen. John Stricker Middle School Cafeteria,7855 Trappe Road,NA,Baltimore,MD,-21222,1,6,2,3,2,7,NA,NA,NA,2,S,1,1,NA,NA,NA,NA,-76.4915515,39.2736757,"7855 trappe rd, dundalk, md 21222, usa"
3027,4,12,5,1,11192,Patapsco High School Cafeteria,8100 Wise Avenue,NA,Baltimore,MD,-21222,1,6,2,3,2,7,NA,NA,NA,2,S,1,1,NA,NA,NA,NA,-76.48946769999999,39.2667716,"8100 wise ave, dundalk, md 21222, usa"
3028,4,12,6,1,11193,Sandy Plains Elementary School Cafeteria,8330 Kavanagh Road,NA,Baltimore,MD,-21222,1,6,2,3,2,7,NA,NA,NA,2,S,1,1,NA,NA,NA,NA,153.100524,-27.561288,"kavanagh rd, wishart qld 4122, australia"
3029,4,12,7,1,11194,Grange Elementary School M/P Rm,2000 Church Road,NA,Baltimore,MD,-21222,1,6,2,3,2,7,NA,NA,NA,2,S,1,1,NA,NA,NA,NA,NA,NA,NA
3030,4,12,8,1,11195,Ateaze Senior Center M/P Rm,7401 Holabird Avenue,NA,Baltimore,MD,-21222,1,6,2,3,2,7,NA,NA,NA,2,T,1,1,NA,NA,NA,NA,-76.5113885,39.2714441,"7401 holabird ave, dundalk, md 21222, usa"
3031,4,12,9,1,13333,Dundalk High School Cafe,1901 Delvale Avenue,NA,Baltimore,MD,-21222,1,6,2,3,2,7,NA,NA,NA,2,S,1,1,NA,NA,NA,NA,-76.5164867,39.26672689999999,"1901 delvale ave, dundalk, md 21222, usa"
3033,4,12,11,1,11683,Dundalk Middle School Cafeteria,7400 Dunmanway,NA,Baltimore,MD,-21222,1,6,2,3,2,7,NA,NA,NA,2,S,1,1,NA,NA,NA,NA,-76.5143638,39.2594239,"7400 dunmanway, dundalk, md 21222, usa"
3034,4,12,12,1,11199,Logan Elementary School Cafeteria,7601 Dunmanway,NA,Baltimore,MD,-21222,1,6,2,3,2,7,NA,NA,NA,2,S,1,1,NA,NA,NA,NA,-76.5102534,39.2574663,"7601 dunmanway, dundalk, md 21222, usa"
3036,4,15,1,1,11200,Dept of Economic & Workforce Development Career Center,7930 Eastern Avenue,NA,Baltimore,MD,21224,1,6,2,3,2,7,NA,NA,NA,NA,O,1,1,NA,NA,NA,NA,-76.50926020000001,39.2984364,"7930 eastern ave, baltimore, md 21224, usa"
3037,4,15,2,1,13767,Rosedale Senior Center M/P Rm,1208 Neighbors Avenue,NA,Baltimore,MD,-21237,1,6,2,3,2,7,NA,NA,NA,2,T,1,1,NA,NA,NA,NA,-76.50542,39.3242538,"1208 neighbors ave, rosedale, md 21237, usa"
3038,4,15,19,1,11202,Chesapeake High School Cafeteria,1801 Turkey Point Road,NA,Baltimore,MD,-21221,1,6,2,3,2,7,NA,NA,NA,2,S,1,1,NA,NA,NA,NA,-80.4111171,42.7930556,"1801 turkey point rd, simcoe, on n3y 4j9, canada"
3039,4,15,20,1,11203,Battle Grove Elementary School Gym,7828 St. Patricia Lane,NA,Baltimore,MD,-21222,1,6,2,3,2,7,NA,NA,NA,2,S,1,1,NA,NA,NA,NA,-76.4752134,39.2686414,"7828 st patricia ln, baltimore, md 21222, usa"
3040,4,15,21,1,11204,Edgemere Elementary School Gym,7201 North Point Road,NA,Baltimore,MD,-21219,1,6,2,3,2,7,NA,NA,NA,2,S,1,1,NA,NA,NA,NA,-76.4458934,39.2398378,"7201 north point rd, edgemere, md 21219, usa"
3042,4,11,7,1,11206,Seven Oaks Elementary School Gym,9220 Seven Courts Drive,NA,Baltimore,MD,-21236,1,8,1,3,2,5,NA,NA,NA,2,S,1,1,NA,NA,NA,NA,-76.4878469,39.4052936,"9220 seven courts dr, parkville, md 21234, usa"
3043,4,11,8,1,13342,Cub Hill Bible Presbyterian Church Hall,2927 Cub Hill Road,NA,Baltimore,MD,-21234,1,42B,2,3,2,5,NA,NA,NA,2,C,1,1,NA,NA,NA,NA,-76.5137314,39.4109258,"2927 cub hill rd, parkville, md 21234, usa"
3044,4,11,9,1,13025,Carney Elementary School Gym,3131 E. Joppa Road,NA,Baltimore,MD,-21234,1,8,3,3,2,5,NA,NA,NA,2,S,1,1,NA,NA,NA,NA,-76.5200663,39.3931513,"3131 e joppa rd, parkville, md 21234, usa"
3045,4,9,23,1,11209,Harford Hills Elementary School Gym,8902 Old Harford Road,NA,Baltimore,MD,-21234,1,8,2,3,2,5,NA,NA,NA,2,S,1,1,NA,NA,NA,NA,-76.5366007,39.3997672,"8902 old harford rd, baltimore, md 21234, usa"
3046,4,9,24,1,11210,Pine Grove Elementary School Cafeteria,2701 Summit Avenue,NA,Baltimore,MD,-21234,1,42B,2,3,2,3,NA,NA,NA,2,S,1,1,NA,NA,NA,NA,-74.03467260000001,40.7712787,"2701 summit ave, union city, nj 07087, usa"
3049,4,11,6,1,13024,Gunpowder Elementary School Cafeteria,9540 Holiday Manor Road,NA,Baltimore,MD,-21236,1,8,1,3,2,5,NA,NA,NA,2,S,1,1,NA,NA,NA,NA,-76.4708358,39.4153724,"9540 holiday manor rd, nottingham, md 21236, usa"
3050,4,14,1,1,11213,Parkville Middle School Auditorium Lobby,8711 Avondale Road,NA,Baltimore,MD,-21234,1,8,3,3,2,6,NA,NA,NA,2,S,1,1,NA,NA,NA,NA,NA,NA,NA
3051,4,14,2,1,11214,Fullerton Community Center,7209 Belair Road,NA,Baltimore,MD,21206,1,8,3,3,2,5,NA,NA,NA,2,T,1,1,NA,NA,NA,NA,-76.52402959999999,39.3595559,"7209 belair rd, baltimore, md 21206, usa"
3052,4,14,3,1,11703,Boumi Temple Ball Room A,5050 King Avenue,NA,Baltimore,MD,-21237,1,8,2,3,2,6,NA,NA,NA,2,C,1,1,NA,NA,NA,NA,NA,NA,NA
3053,4,14,4,1,14672,White Marsh Library Meeting Rm,8133 Sandpiper Circle,NA,Baltimore,MD,21236,1,8,2,3,2,6,NA,NA,NA,2,O,NA,NA,NA,NA,NA,NA,-76.47049729999999,39.3719109,"8133 sandpiper cir, nottingham, md 21236, usa"
3054,4,14,5,1,14673,Elmwood Elementary School Gym,531 Dale Avenue,NA,Baltimore,MD,21206,1,8,2,3,2,6,NA,NA,NA,2,S,NA,NA,NA,NA,NA,NA,NA,NA,NA
3055,4,14,6,1,13838,Fullerton Elementary School Gym,4400 Fullerton Avenue,NA,Baltimore,MD,-21236,1,8,3,3,2,6,NA,NA,NA,2,S,1,1,NA,NA,NA,NA,-87.7369654,41.9246612,"4400 w fullerton ave, chicago, il 60639, usa"
3056,4,14,7,1,14673,Elmwood Elementary School Cafe,531 Dale Avenue,NA,Baltimore,MD,21206,1,8,2,3,2,6,NA,NA,NA,2,S,NA,NA,NA,NA,NA,NA,NA,NA,NA
3057,4,14,8,1,11220,McCormick Elementary School Gym,5101 Hazelwood Avenue,NA,Baltimore,MD,-21206,1,8,2,3,2,6,NA,NA,NA,2,S,1,1,NA,NA,NA,NA,NA,NA,NA
3058,4,14,9,1,11723,Shady Spring Elementary School Gym,8868 Goldenwood Road,NA,Baltimore,MD,-21237,1,8,2,3,2,6,NA,NA,NA,2,S,1,1,NA,NA,NA,NA,-76.501761,39.3432877,"8868 goldenwood rd, baltimore, md 21237, usa"
3062,4,9,5,1,11225,Towson Presbyterian Church Hall,400 W. Chesapeake Avenue,NA,Baltimore,MD,-21204,1,42A,3,3,2,5,NA,NA,NA,2,C,1,1,NA,NA,NA,NA,-76.6106732,39.40045569999999,"400 w chesapeake ave, towson, md 21204, usa"
3063,4,9,6,1,13341,Towson Ruhl Armory Drill Floor,1035 York Road,NA,Baltimore,MD,-21204,1,42B,2,3,2,5,NA,NA,NA,2,O,1,1,NA,NA,NA,NA,-76.6101316,39.4129598,"1035 york rd, towson, md 21204, usa"
3066,4,9,9,1,11639,Loch Raven High School Cafeteria,1212 Cowpens Avenue,NA,Baltimore,MD,-21286,1,42B,2,3,2,3,NA,NA,NA,2,S,1,1,NA,NA,NA,NA,-76.5633629,39.405103,"1212 cowpens ave, towson, md 21286, usa"
3067,4,9,10,1,13762,Cromwell Valley Elementary/Regional Magnet School Gym,825 Providence Road,NA,Baltimore,MD,-21286,1,42A,2,3,2,5,NA,NA,NA,2,S,1,1,NA,NA,NA,NA,-80.8264722,35.1977232,"825 providence rd, charlotte, nc 28207, usa"
3068,4,9,11,1,11231,Towson Area Branch Library Meeting Rm,320 York Road,NA,Baltimore,MD,-21204,1,42A,2,3,2,5,NA,NA,NA,2,O,1,1,NA,NA,NA,NA,-76.60236809999999,39.3988494,"320 york rd, towson, md 21204, usa"
3069,4,9,18,1,11232,Oakleigh Elementary School Cafeteria,1901 White Oak Avenue,NA,Baltimore,MD,-21234,1,42B,2,3,2,5,NA,NA,NA,2,S,1,1,NA,NA,NA,NA,-76.5535742,39.3935062,"1901 white oak ave, parkville, md 21234, usa"
3070,4,9,19,1,11903,Loch Raven Community Center Gym,1801 Glen Keith Boulevard,NA,Baltimore,MD,-21234,1,8,2,3,2,6,NA,NA,NA,2,T,1,1,NA,NA,NA,NA,-76.5711287,39.3858084,"1801 glen keith blvd, parkville, md 21234, usa"
3071,4,9,20,1,13926,Halstead Academy Cafeteria,1111 Halstead Road,NA,Baltimore,MD,-21234,1,8,2,3,2,6,NA,NA,NA,2,S,1,1,NA,NA,NA,NA,NA,NA,NA
3072,4,9,17,1,11235,Immaculate Heart of Mary Hall Gym,8501 Loch Raven Boulevard,NA,Baltimore,MD,21286,1,8,2,3,2,6,NA,NA,NA,2,C,1,1,NA,NA,NA,NA,-76.5637692,39.3924641,"8501 loch raven blvd, towson, md 21286, usa"
3073,4,9,21,1,11236,Villa Cresta Elementary School Gym,2600 Rader Avenue,NA,Baltimore,MD,-21234,1,8,3,3,2,6,NA,NA,NA,2,S,1,1,NA,NA,NA,NA,-76.5477176,39.3804526,"2600 rader ave, parkville, md 21234, usa"
3074,4,9,22,1,11237,Parkville High School Cafeteria,2600 Putty Hill Avenue,NA,Baltimore,MD,-21234,1,8,3,3,2,6,NA,NA,NA,2,S,1,1,NA,NA,NA,NA,-76.53798499999999,39.3878888,"2600 putty hill ave, parkville, md 21234, usa"
3089,4,9,25,1,11252,Pine Grove Middle School Commons,9200 Old Harford Road,NA,Baltimore,MD,-21234,1,42B,2,3,2,3,NA,NA,NA,2,S,1,1,NA,NA,NA,NA,-76.5280493,39.4056513,"9200 old harford rd, parkville, md 21234, usa"
3094,4,9,2,1,11638,Ridge Ruxton School M/P Rm,6916 Charles Street,NA,Baltimore,MD,-21204,1,42B,3,3,2,2,NA,NA,NA,2,S,1,1,NA,NA,NA,NA,NA,NA,NA
3098,4,3,10,1,11261,Fort Garrison Elementary School M/P,3310 Woodvalley Drive,NA,Baltimore,MD,-21208,1,11,3,3,2,2,NA,NA,NA,2,S,1,1,NA,NA,NA,NA,-76.70350730000001,39.4006346,"3310 woodvalley dr, pikesville, md 21208, usa"
3099,4,9,3,1,11262,Rodgers Forge Elementary School Cafeteria,250 Dumbarton Road,NA,Baltimore,MD,-21212,1,42A,2,3,2,5,NA,NA,NA,2,S,1,1,NA,NA,NA,NA,-4.3034842,55.8709296,"250 dumbarton rd, partick, glasgow g11 6tu, uk"
3100,4,9,4,1,11263,Dumbarton Middle School Lobby,300 Dumbarton Road,NA,Baltimore,MD,-21212,1,42A,3,3,2,5,NA,NA,NA,2,S,1,1,NA,NA,NA,NA,-4.3051797,55.87099329999999,"300 dumbarton rd, partick, glasgow g11 6td, uk"
3101,4,9,12,1,11264,Towson High School Cafeteria,69 Cedar Avenue,NA,Baltimore,MD,-21286,1,42A,2,3,2,5,NA,NA,NA,2,S,1,1,NA,NA,NA,NA,NA,NA,NA
3102,4,9,13,1,14368,Stoneleigh Elementary School Gym,900 Pemberton Road,NA,Baltimore,MD,21212,1,42A,2,3,2,5,NA,NA,NA,2,S,1,1,NA,NA,NA,NA,NA,NA,NA
3103,4,9,14,1,14368,Stoneleigh Elementary School Cafe,900 Pemberton Road,NA,Baltimore,MD,21212,1,42A,2,3,2,5,NA,NA,NA,2,S,1,1,NA,NA,NA,NA,NA,NA,NA
3104,4,9,15,1,11267,Loch Raven Academy Cafeteria,8101 LaSalle Road,NA,Baltimore,MD,-21286,1,42A,2,3,2,6,NA,NA,NA,2,S,1,1,NA,NA,NA,NA,-76.5782621,39.3902235,"8101 lasalle rd, towson, md 21286, usa"
3105,4,9,16,1,11268,Pleasant Plains Elementary School Gym,8300 Pleasant Plains Road,NA,Baltimore,MD,-21286,1,42B,2,3,2,5,NA,NA,NA,2,S,1,1,NA,NA,NA,NA,-76.573025,39.3923152,"8300 pleasant plains rd, towson, md 21286, usa"
3106,4,3,11,1,13920,Woodholme Elementary School Gym,300 Mount Wilson Lane,NA,Baltimore,MD,21208,1,11,3,3,2,2,NA,NA,NA,2,S,1,1,NA,NA,NA,NA,-76.749636,39.3898768,"300 mt wilson ln, pikesville, md 21208, usa"
3108,4,2,7,1,11628,Old Court Middle School Cafeteria,4627 Old Court Road,NA,Baltimore,MD,21208,1,10,2,3,2,2,NA,NA,NA,2,S,1,1,NA,NA,NA,NA,-76.756827,39.36553139999999,"4627 old court rd, pikesville, md 21208, usa"
3109,4,2,8,1,11272,Winand Elementary School Cafeteria,8301 Scotts Level Road,NA,Baltimore,MD,-21208,1,11,2,3,2,2,NA,NA,NA,2,S,1,1,NA,NA,NA,NA,-76.7628679,39.3723591,"8301 scotts level rd, pikesville, md 21208, usa"
3111,4,3,2,1,11274,Milbrook Elementary School Cafe,4300 Crest Heights Road,NA,Baltimore,MD,-21215,1,11,3,3,2,2,NA,NA,NA,2,S,1,1,NA,NA,NA,NA,-76.7129084,39.3603749,"4300 crest heights rd, baltimore, md 21215, usa"
3112,4,3,3,1,11275,Sudbrook Magnet Middle School Cafeteria,4300 Bedford Road,NA,Baltimore,MD,-21208,1,44B,7,3,2,2,NA,NA,NA,2,S,1,1,NA,NA,NA,NA,NA,NA,NA
3113,4,3,4,1,11276,Bedford Elementary School Gym,7407 Dorman Drive,NA,Baltimore,MD,-21208,1,11,2,3,2,2,NA,NA,NA,2,S,1,1,NA,NA,NA,NA,NA,NA,NA
3114,4,3,5,1,13761,Pikesville Middle School Gym,7701 Seven Mile Lane,NA,Baltimore,MD,-21208,1,11,3,3,2,2,NA,NA,NA,2,S,1,1,NA,NA,NA,NA,-76.706788,39.3774979,"7701 seven mile ln, pikesville, md 21208, usa"
3115,4,3,6,1,13761,Pikesville Middle School Cafeteria,7701 Seven Mile Lane,NA,Baltimore,MD,-21208,1,11,3,3,2,2,NA,NA,NA,2,S,1,1,NA,NA,NA,NA,-76.706788,39.3774979,"7701 seven mile ln, pikesville, md 21208, usa"
3116,4,3,7,1,11279,Pikesville High School Cafeteria,7621 Labyrinth Road,NA,Baltimore,MD,-21208,1,11,3,3,2,2,NA,NA,NA,2,S,1,1,NA,NA,NA,NA,NA,NA,NA
3117,4,3,8,1,11280,Summit Park Elementary School Cafeteria,6920 Diana Road,NA,Baltimore,MD,-21209,1,11,3,3,2,2,NA,NA,NA,2,S,1,1,NA,NA,NA,NA,NA,NA,NA
3118,4,3,9,1,11280,Summit Park Elementary School Gym,6920 Diana Road,NA,Baltimore,MD,-21209,1,11,3,3,2,2,NA,NA,NA,2,S,1,1,NA,NA,NA,NA,NA,NA,NA
3119,4,13,1,1,11282,Maiden Choice School Gym,4901 Shelbourne Road,NA,Baltimore,MD,-21227,1,12,7,3,2,1,NA,NA,NA,2,S,1,1,NA,NA,NA,NA,-6.2317311,53.3334215,"shelbourne rd, dublin, ireland"
3120,4,13,2,1,11684,Arbutus Fire Hall,5200 Southwestern Blvd.,NA,Baltimore,MD,-21227,1,12,7,3,2,1,NA,NA,NA,2,F,1,1,NA,NA,NA,NA,-78.862583,42.7453867,"5200 southwestern blvd, hamburg, ny 14075, usa"
3121,4,13,3,1,11321,Arbutus Middle School Cafeteria,5525 Shelbourne Road,NA,Baltimore,MD,-21227,1,12,3,3,2,1,NA,NA,NA,2,S,1,1,NA,NA,NA,NA,NA,NA,NA
3122,4,13,4,1,11322,Relay Elementary School Gym,5885 Selford Road,NA,Baltimore,MD,-21227,1,12,3,3,2,1,NA,NA,NA,2,S,1,1,NA,NA,NA,NA,-76.69982070000002,39.2312562,"5885 selford rd, halethorpe, md 21227, usa"
3123,4,13,5,1,11323,Halethorpe Elementary School Gym,4300 Maple Avenue,NA,Baltimore,MD,-21227,1,12,3,3,2,1,NA,NA,NA,2,S,1,1,NA,NA,NA,NA,152.9272752,-27.6472598,"maple ave, camira qld 4300, australia"
3124,4,13,6,1,13763,Lansdowne Middle School Cafeteria,2400 Lansdowne Road,NA,Baltimore,MD,-21227,1,12,3,3,2,1,NA,NA,NA,2,S,1,1,NA,NA,NA,NA,NA,NA,NA
3125,4,13,7,1,11325,Baltimore Highlands Elementary School Cafeteria,4200 Annapolis Road,NA,Baltimore,MD,-21227,1,12,2,3,2,1,NA,NA,NA,2,S,1,1,NA,NA,NA,NA,NA,NA,NA
3126,4,13,8,1,11511,English Consul Volunteer Fire Department Hall,2827 Michigan Avenue,NA,Baltimore,MD,-21227,1,12,2,3,2,1,NA,NA,NA,2,F,1,1,NA,NA,NA,NA,-87.6228039,41.8427495,"2827 michigan ave, chicago, il 60616, usa"
3129,4,3,13,1,11261,Fort Garrison Elementary School Cafe,3310 Woodvalley Drive,NA,Baltimore,MD,-21208,1,11,3,3,2,2,NA,NA,NA,2,S,1,1,NA,NA,NA,NA,-76.70350730000001,39.4006346,"3310 woodvalley dr, pikesville, md 21208, usa"
3137,4,8,17,1,11337,Riderwood Elementary School Gym,1711 Landrake Road,NA,Baltimore,MD,-21204,1,11,3,3,2,2,NA,NA,NA,2,S,1,1,NA,NA,NA,NA,-76.6494836,39.4140482,"1711 landrake rd, baltimore, md 21204, usa"
3141,4,11,10,1,11341,Perry Hall Middle School Cafeteria,4300 Ebenezer Road,NA,Baltimore,MD,-21236,1,8,2,3,2,5,NA,NA,NA,2,S,1,1,NA,NA,NA,NA,-76.47457709999999,39.3980859,"4300 ebenezer rd, nottingham, md 21236, usa"
3142,4,11,11,1,11342,Perry Hall Elementary School Gym,9021 Belair Road,NA,Baltimore,MD,-21236,1,8,3,3,2,5,NA,NA,NA,2,S,1,1,NA,NA,NA,NA,-76.47841509999999,39.3994525,"9021 belair rd, nottingham, md 21236, usa"
3143,4,11,12,1,11663,Perry Hall High School Cafeteria,4601 Ebenezer Road,NA,Baltimore,MD,-21236,1,8,1,3,2,5,NA,NA,NA,2,S,1,1,NA,NA,NA,NA,-76.4653489,39.39186249999999,"4601 ebenezer rd, nottingham, md 21236, usa"
3145,4,11,14,1,11341,Perry Hall Middle School Auditorium,4300 Ebenezer Road,NA,Baltimore,MD,-21236,1,8,1,3,2,5,NA,NA,NA,2,S,1,1,NA,NA,NA,NA,-76.47457709999999,39.3980859,"4300 ebenezer rd, nottingham, md 21236, usa"
3146,4,14,10,1,14316,Red House Run Elementary School Gym,1717 Weyburn Road,NA,Baltimore,MD,21237,1,8,2,3,2,6,NA,NA,NA,2,S,1,1,NA,NA,NA,NA,-76.5106486,39.334154,"1717 weyburn rd, rosedale, md 21237, usa"
3147,4,14,11,1,14316,Red House Run Elementary School Cafeteria,1717 Weyburn Road,NA,Baltimore,MD,21237,1,8,2,3,2,6,NA,NA,NA,2,S,1,1,NA,NA,NA,NA,-76.5106486,39.334154,"1717 weyburn rd, rosedale, md 21237, usa"
3148,4,15,22,1,11348,Chesapeake Terrace Elementary School Cafeteria,2112 Lodge Farm Road,NA,Baltimore,MD,-21219,1,6,2,3,2,7,NA,NA,NA,2,S,1,1,NA,NA,NA,NA,-76.4494397,39.2223198,"2112 lodge farm rd, edgemere, md 21219, usa"
3149,3,3,1,1,10115,School No. 8 City Springs Elem/Middle,100 S. Caroline Street,NA,Baltimore,MD,-21231,1,46,7,8,6,12,NA,NA,NA,2,S,1,1,NA,NA,NA,NA,-76.5974931,39.2898428,"100 s caroline st, baltimore, md 21231, usa"
3151,3,22,1,1,11350,Christ Church Harbor Apartments Inc.,600 Light Street,NA,Baltimore,MD,-21230,1,46,7,8,6,11,NA,NA,NA,2,O,1,1,NA,NA,NA,NA,-76.6133813,39.281656,"600 light st, baltimore, md 21230, usa"
3152,3,28,1,1,11351,School No. 241,3801 Fallstaff Road,NA,Baltimore,MD,21215,1,41,7,8,6,5,NA,NA,NA,2,S,1,1,NA,NA,NA,NA,-76.7054218,39.3621351,"3801 fallstaff rd, baltimore, md 21215, usa"
3153,3,26,27,1,11352,School No. 210,4517 Hazelwood Avenue,NA,Baltimore,MD,-21206,1,45,2,8,6,2,NA,NA,NA,2,S,1,1,NA,NA,NA,NA,NA,NA,NA
3155,3,26,26,1,11353,School No. 211,5300 Belair Road,NA,Baltimore,MD,-21206,1,45,2,8,6,2,NA,NA,NA,2,S,1,1,NA,NA,NA,NA,-76.552526,39.3389019,"5300 belair rd, baltimore, md 21206, usa"
3156,3,26,28,1,11352,School No. 210,4517 Hazelwood Avenue,NA,Baltimore,MD,-21206,1,45,2,8,6,2,NA,NA,NA,2,S,1,1,NA,NA,NA,NA,NA,NA,NA
3157,3,26,29,1,11352,School No. 210,4517 Hazelwood Avenue,NA,Baltimore,MD,-21206,1,45,2,8,6,2,NA,NA,NA,2,S,1,1,NA,NA,NA,NA,NA,NA,NA
3158,3,26,30,1,11354,Engine House No. 54,5821 Belair Road,NA,Baltimore,MD,-21206,1,45,2,8,6,2,NA,NA,NA,2,F,1,1,NA,NA,NA,NA,-76.5424353,39.3440534,"5821 belair rd, baltimore, md 21206, usa"
3159,3,26,31,1,11354,Engine House No. 54,5821 Belair Road,NA,Baltimore,MD,-21206,1,45,2,8,6,2,NA,NA,NA,2,F,1,1,NA,NA,NA,NA,-76.5424353,39.3440534,"5821 belair rd, baltimore, md 21206, usa"
3160,3,27,7,1,12095,School No. 235,6211 Walther Avenue,NA,Baltimore,MD,21206,1,45,2,8,6,2,NA,NA,NA,2,S,1,1,NA,NA,NA,NA,-76.5413463,39.351911,"6211 walther ave, baltimore, md 21206, usa"
3161,3,27,8,1,12095,School No. 235,6211 Walther Avenue,NA,Baltimore,MD,21206,1,45,2,8,6,2,NA,NA,NA,2,S,1,1,NA,NA,NA,NA,-76.5413463,39.351911,"6211 walther ave, baltimore, md 21206, usa"
3163,3,27,9,1,11358,Engine House No. 56,6512 Harford Road,NA,Baltimore,MD,21234,1,45,3,8,6,3,NA,NA,NA,2,F,1,1,NA,NA,NA,NA,-76.55336129999999,39.3621828,"6512 harford rd, baltimore, md 21214, usa"
3165,3,27,10,1,11360,Open Bible Baptist Church,3902 Overlea Avenue,NA,Baltimore,MD,-21206,1,45,3,8,6,2,NA,NA,NA,2,C,1,1,NA,NA,NA,NA,-76.5324682,39.3582613,"3902 w overlea ave, baltimore, md 21206, usa"
3166,3,27,11,1,13914,Woodhome Recreation Center,7310 Moyer Avenue,NA,Baltimore,MD,-21234,1,45,3,8,6,3,NA,NA,NA,2,T,1,1,NA,NA,NA,NA,-76.5391387,39.3676948,"7310 moyer ave, baltimore, md 21234, usa"
3169,3,27,13,1,13900,School No. 339,2500 East Northern Parkway,NA,Baltimore,MD,-21214,1,43,3,8,6,3,NA,NA,NA,2,S,1,1,NA,NA,NA,NA,-76.56020219999999,39.3664664,"2500 e northern pkwy, baltimore, md 21214, usa"
3170,3,27,14,1,13901,School No. 236,6101 Old Harford Road,NA,Baltimore,MD,-21214,1,45,7,8,6,3,NA,NA,NA,2,S,1,1,NA,NA,NA,NA,-76.5577188,39.3597688,"6101 old harford rd, baltimore, md 21214, usa"
3171,3,27,15,1,13902,School No. 855 Success Academy,2201 Pinewood Avenue,NA,Baltimore,MD,21214,1,43,7,8,6,3,NA,NA,NA,2,S,1,1,NA,NA,NA,NA,NA,NA,NA
3172,3,27,19,1,10118,School No. 219,5931 Yorkwood Road,NA,Baltimore,MD,-21239,1,43,7,8,6,4,NA,NA,NA,2,S,1,1,NA,NA,NA,NA,-76.5809709,39.3633272,"5931 yorkwood rd, baltimore, md 21239, usa"
3173,3,27,20,1,11365,School No. 245,1235 Sherwood Ave.,NA,Baltimore,MD,-21239,1,43,3,8,6,4,NA,NA,NA,2,S,1,0,NA,NA,NA,NA,NA,NA,NA
3175,3,27,32,1,11367,Northside Baptist Church,1100 E. Northern Parkway,NA,Baltimore,MD,-21239,1,43,3,8,6,4,NA,NA,NA,2,C,1,1,NA,NA,NA,NA,-76.59726739999999,39.3671029,"1100 e northern pkwy, baltimore, md 21239, usa"
3177,3,27,31,1,11365,School No. 245,1235 Sherwood Ave.,NA,Baltimore,MD,-21239,1,43,7,8,6,4,NA,NA,NA,2,S,1,0,NA,NA,NA,NA,NA,NA,NA
3178,3,27,33,1,11368,School No. 213,500 Campbell Lane at Govane,NA,Baltimore,MD,-21212,1,43,7,8,6,4,NA,NA,NA,2,S,1,1,NA,NA,NA,NA,-86.4716203,36.9648939,"500 campbell ln, bowling green, ky 42101, usa"
3179,3,27,37,1,11369,School No. 214,4520 York Road,NA,Baltimore,MD,-21212,1,43,3,8,6,4,NA,NA,NA,2,S,1,1,NA,NA,NA,NA,-76.6106732,39.3439516,"4520 york rd, baltimore, md 21212, usa"
3180,3,27,60,1,14171,Public Safety Training Center,3500 W Northern Pkwy,NA,Baltimore,MD,21215,1,41,7,8,6,5,NA,NA,NA,2,S,1,1,NA,0,NA,NA,-76.683106,39.35447,"3500 w northern pkwy, baltimore, md 21215, usa"
3181,3,27,65,1,11371,School No. 247,6100 Cross Country Boulevard,NA,Baltimore,MD,-21215,1,41,3,8,6,5,NA,NA,NA,2,S,1,1,NA,NA,NA,NA,-76.6882631,39.3625248,"6100 cross country blvd, baltimore, md 21215, usa"
3183,3,27,63,1,11371,School No. 247,6100 Cross Country Boulevard,NA,Baltimore,MD,-21215,1,41,3,8,6,5,NA,NA,NA,2,S,1,1,NA,NA,NA,NA,-76.6882631,39.3625248,"6100 cross country blvd, baltimore, md 21215, usa"
3184,3,27,62,1,11373,School No. 401,6900 Park Heights Avenue,NA,Baltimore,MD,-21215,1,41,3,8,6,5,NA,NA,NA,2,S,1,1,NA,NA,NA,NA,-76.7045531,39.36468,"6900 park heights ave, baltimore, md 21215, usa"
3185,3,27,64,1,12103,Engine House No. 45,2700 Glen Avenue,NA,Baltimore,MD,21215,1,41,3,8,6,5,NA,NA,NA,2,F,1,1,NA,NA,NA,NA,-76.67795199999999,39.3614567,"2700 glen ave, baltimore, md 21215, usa"
3186,3,27,66,1,11373,School No. 401,6900 Park Heights Avenue,NA,Baltimore,MD,-21215,1,41,3,8,6,5,NA,NA,NA,2,S,1,1,NA,NA,NA,NA,-76.7045531,39.36468,"6900 park heights ave, baltimore, md 21215, usa"
3187,3,8,1,1,11374,The Maryland State Boys Choir Center For the Arts,3400 Norman Avenue,NA,Baltimore,MD,-21213,1,45,3,8,6,3,NA,NA,NA,2,O,1,1,NA,NA,NA,NA,-73.9471227,40.7269704,"norman ave, brooklyn, ny 11222, usa"
3188,3,8,2,1,11374,The Maryland State Boys Choir Center For the Arts,3400 Norman Avenue,NA,Baltimore,MD,-21213,1,45,7,8,6,13,NA,NA,NA,2,O,1,1,NA,NA,NA,NA,-73.9471227,40.7269704,"norman ave, brooklyn, ny 11222, usa"
3189,3,26,22,1,10132,Jerusalem Evangelical Lutheran Church,4605 Belair Road,NA,Baltimore,MD,-21206,1,45,2,8,6,2,NA,NA,NA,2,C,1,1,NA,NA,NA,NA,-76.5609698,39.33101389999999,"4605 belair rd, baltimore, md 21206, usa"
3190,3,27,1,1,10132,Jerusalem Evangelical Lutheran Church,4605 Belair Road,NA,Baltimore,MD,-21206,1,45,2,8,6,3,NA,NA,NA,2,C,1,1,NA,NA,NA,NA,-76.5609698,39.33101389999999,"4605 belair rd, baltimore, md 21206, usa"
3191,3,27,2,1,13898,Ray of Hope Baptist Church,3000 Parkside Drive,NA,Baltimore,MD,-21214,1,45,3,8,6,3,NA,NA,NA,2,C,1,1,NA,NA,NA,NA,NA,NA,NA
3192,3,27,3,1,10117,Engine House No. 42,4522 Harford Road,NA,Baltimore,MD,21214,1,45,3,8,6,3,NA,NA,NA,2,F,1,1,NA,NA,NA,NA,-76.5714893,39.3416004,"4522 harford rd, baltimore, md 21214, usa"
3194,3,27,4,1,11378,Harford Center for Senior Citizens,4920 Harford Road,NA,Baltimore,MD,-21214,1,45,3,8,6,3,NA,NA,NA,2,T,1,1,NA,NA,NA,NA,-76.5664783,39.3469453,"harford senior center, 4920 harford rd, baltimore, md 21214, usa"
3195,3,27,5,1,11357,School No. 346 Rear,5609 Sefton Avenue,NA,Baltimore,MD,-21214,1,45,3,8,6,3,NA,NA,NA,2,S,1,1,NA,NA,NA,NA,174.7312895,-36.8643078,"sefton avenue, grey lynn, auckland 1021, new zealand"
3196,3,27,6,1,11353,School No. 211,5300 Belair Road,NA,Baltimore,MD,-21206,1,45,2,8,6,2,NA,NA,NA,2,S,1,1,NA,NA,NA,NA,-76.552526,39.3389019,"5300 belair rd, baltimore, md 21206, usa"
3197,3,1,2,1,11380,Engine House No. 5,2120 Eastern Avenue,NA,Baltimore,MD,21231,1,46,3,8,6,1,NA,NA,NA,2,F,1,1,NA,NA,NA,NA,-76.5861276,39.2861295,"2120 eastern ave, baltimore, md 21231, usa"
3198,3,1,3,1,13886,School No. 47,500 S. Linwood Avenue,NA,Baltimore,MD,21224,1,46,3,8,6,1,NA,NA,NA,2,S,1,1,NA,NA,NA,NA,-76.5763182,39.2859113,"500 s linwood ave, baltimore, md 21224, usa"
3199,3,1,4,1,11382,Enoch Pratt Free Library Canton Branch,1030 S. Ellwood Avenue,NA,Baltimore,MD,21224,1,46,3,8,6,1,NA,NA,NA,2,O,1,1,NA,NA,NA,NA,-76.5727787,39.2803061,"1030 s ellwood ave, baltimore, md 21224, usa"
3201,3,1,5,1,11383,Hatton Senior Citizens Center,2825 Fait Avenue,NA,Baltimore,MD,21224,1,46,3,8,6,1,NA,NA,NA,2,T,1,1,NA,NA,NA,NA,-76.5758693,39.2830523,"2825 fait ave, baltimore, md 21224, usa"
3202,3,1,1,1,13886,School No. 47,500 S. Linwood Avenue,NA,Baltimore,MD,21224,1,46,3,8,6,1,NA,NA,NA,2,S,1,1,NA,NA,NA,NA,-76.5763182,39.2859113,"500 s linwood ave, baltimore, md 21224, usa"
3203,3,2,1,1,11386,School No. 23,245 S. Wolfe Street,NA,Baltimore,MD,21231,1,46,3,8,6,13,NA,NA,NA,2,S,1,1,NA,NA,NA,NA,-76.5899094,39.2880007,"245 s wolfe st, baltimore, md 21231, usa"
3204,3,2,2,1,11386,School No. 23,245 S. Wolfe Street,NA,Baltimore,MD,21231,1,46,3,8,6,1,NA,NA,NA,2,S,1,1,NA,NA,NA,NA,-76.5899094,39.2880007,"245 s wolfe st, baltimore, md 21231, usa"
3205,3,2,3,1,11387,Lemko House,603 S. Ann Street,NA,Baltimore,MD,-21231,1,46,3,8,6,1,NA,NA,NA,2,O,1,1,NA,NA,NA,NA,-76.59096900000002,39.2842906,"603 s ann st, baltimore, md 21231, usa"
3206,3,3,3,1,11388,St. Leo's Church Hall,225 S. Exeter Street,NA,Baltimore,MD,-21202,1,46,3,8,6,1,NA,NA,NA,2,C,1,1,NA,NA,NA,NA,-76.6008785,39.2872499,"225 s exeter st, baltimore, md 21202, usa"
3207,3,6,5,1,10239,School No. 83,200 N. Lakewood Avenue,NA,Baltimore,MD,21224,1,46,3,8,6,1,NA,NA,NA,2,S,1,1,NA,NA,NA,NA,-76.5796397,39.2953732,"200 n lakewood ave, baltimore, md 21224, usa"
3208,3,26,1,1,11390,St. Helena Community Association,6509 Colgate Avenue,NA,Baltimore,MD,-21222,1,46,2,8,6,1,NA,NA,NA,2,T,0,1,NA,NA,NA,NA,NA,NA,NA
3209,3,26,3,1,11396,School No. 240,6300 O' Donnell Street,NA,Baltimore,MD,-21224,1,46,2,8,6,1,NA,NA,NA,2,S,1,1,NA,NA,NA,NA,-76.5399959,39.282499,"6300 o'donnell st, baltimore, md 21224, usa"
3210,3,26,5,1,11392,Joseph Lee Field House,5900 E. Pratt Street,NA,Baltimore,MD,-21224,1,46,3,8,6,1,NA,NA,NA,2,O,1,1,NA,NA,NA,NA,-76.599728,39.288624,"e pratt st, baltimore, md, usa"
3211,3,26,4,1,11393,School No. 405,100 Kane Street,NA,Baltimore,MD,-21224,1,46,2,8,6,1,NA,NA,NA,2,S,1,1,NA,NA,NA,NA,-76.53717209999999,39.2928211,"100 kane st, baltimore, md 21224, usa"
3212,3,26,7,1,11394,St. Nicholas' Church Hall (Rear),520 S. Ponca Street,NA,Baltimore,MD,-21224,1,46,3,8,6,1,NA,NA,NA,2,C,1,1,NA,NA,NA,NA,-76.55519009999999,39.2863687,"520 ponca st, baltimore, md 21224, usa"
3213,3,26,6,1,11394,St. Nicholas' Church Hall,520 S. Ponca Street,NA,Baltimore,MD,-21224,1,46,3,8,6,1,NA,NA,NA,2,C,1,1,NA,NA,NA,NA,-76.55519009999999,39.2863687,"520 ponca st, baltimore, md 21224, usa"
3214,3,26,2,1,11396,School No. 240,6300 O' Donnell Street,NA,Baltimore,MD,-21224,1,46,2,8,6,1,NA,NA,NA,2,S,1,1,NA,NA,NA,NA,-76.5399959,39.282499,"6300 o'donnell st, baltimore, md 21224, usa"
3215,3,26,8,1,11397,Canton Baptist Church,3302 Toone Street,NA,Baltimore,MD,-21224,1,46,3,8,6,1,NA,NA,NA,2,C,1,1,NA,NA,NA,NA,-76.5688947,39.2786563,"3302 toone st, baltimore, md 21224, usa"
3216,3,26,9,1,12527,Southeastern Anchor Library,3601 Eastern Avenue,NA,Baltimore,MD,-21224,NA,46,3,8,6,1,NA,NA,NA,2,O,1,1,NA,NA,NA,NA,-76.5667653,39.2862538,"3601 eastern ave, baltimore, md 21224, usa"
3217,3,26,10,1,11400,School No. 215,3223 E. Pratt Street,NA,Baltimore,MD,-21224,1,46,3,8,6,1,NA,NA,NA,2,S,0,1,NA,NA,NA,NA,-76.584583,39.2894248,"3223 e pratt st, baltimore, md 21231, usa"
3218,3,26,12,1,11401,Engine House No. 51,646 N. Highland Avenue,NA,Baltimore,MD,21205,1,46,7,8,6,13,NA,NA,NA,2,F,1,1,NA,NA,NA,NA,-118.338215,34.0831216,"646 n highland ave, los angeles, ca 90036, usa"
3219,3,26,11,1,13894,School No. 237,231 S. Eaton Street,NA,Baltimore,MD,-21224,1,46,3,8,6,2,NA,NA,NA,2,S,0,1,NA,NA,NA,NA,-76.56471719999999,39.2891472,"231 s eaton st, baltimore, md 21224, usa"
3220,3,26,13,1,13181,Carroll Cook Recreation Center,5061 E. Eager Street,NA,Baltimore,MD,-21205,1,45,3,8,6,13,NA,NA,NA,2,T,1,1,NA,NA,NA,NA,-76.5525711,39.3048634,"5061 e eager st, baltimore, md 21205, usa"
3222,3,26,15,1,13895,School No. 105,6001 Frankford Avenue,NA,Baltimore,MD,21206,1,45,2,8,6,2,NA,NA,NA,2,S,1,1,NA,NA,NA,NA,-75.0673887,40.0264225,"6001 frankford ave, philadelphia, pa 19135, usa"
3226,3,21,2,1,11406,School No. 22,800 Scott Street,NA,Baltimore,MD,-21230,1,40,7,8,6,10,NA,NA,NA,2,S,1,1,NA,NA,NA,NA,NA,NA,NA
3227,3,21,3,1,13359,School No. 34,1327 Washington Blvd.,NA,Baltimore,MD,-21230,1,40,3,8,6,10,NA,NA,NA,2,S,1,1,NA,NA,NA,NA,NA,NA,NA
3228,3,23,1,1,13614,South Baltimore Learning Center,28 E. Ostend Street,NA,Baltimore,MD,-21230,1,46,3,8,6,11,NA,NA,NA,2,O,1,1,NA,NA,NA,NA,-76.6131697,39.2750587,"28 e ostend st, baltimore, md 21230, usa"
3229,3,23,2,1,13615,Solo Gibbs Rec Center,1044 Leadenhall Street at Cross Street,NA,Baltimore,MD,-21230,1,46,3,8,6,11,NA,NA,NA,2,O,1,1,NA,NA,NA,NA,-76.6180189,39.2771966,"1044 leadenhall st, baltimore, md 21230, usa"
3230,3,23,3,1,11409,School No. 84,100 E. Heath Street,NA,Baltimore,MD,21230,1,46,3,8,6,11,NA,NA,NA,2,S,1,1,NA,NA,NA,NA,-76.61085969999999,39.2710106,"100 e heath st, baltimore, md 21230, usa"
3231,3,24,1,1,11410,School No. 45,1040 William Street,NA,Baltimore,MD,-21230,1,46,3,8,6,11,NA,NA,NA,2,S,1,1,NA,NA,NA,NA,NA,NA,NA
3232,3,24,2,1,11411,Holy Cross Church Hall,108 E. West Street,NA,Baltimore,MD,-21230,1,46,3,8,6,11,NA,NA,NA,2,C,1,1,NA,NA,NA,NA,-76.6114508,39.276288,"108 e west st, baltimore, md 21230, usa"
3233,3,24,3,1,13891,School No. 416 - Digital Harbor High,1100 Covington Street,NA,Baltimore,MD,21230,1,46,3,8,6,11,NA,NA,NA,2,S,1,1,NA,NA,NA,NA,-76.6075137,39.2767474,"1100 covington st, baltimore, md 21230, usa"
3234,3,24,4,1,11409,School No. 84,100 E. Heath Street,NA,Baltimore,MD,21230,1,46,3,8,6,11,NA,NA,NA,2,S,1,1,NA,NA,NA,NA,-76.61085969999999,39.2710106,"100 e heath st, baltimore, md 21230, usa"
3235,3,24,5,1,11413,School No. 76,1425 E. Fort Avenue,NA,Baltimore,MD,-21230,1,46,3,8,6,11,NA,NA,NA,2,S,1,1,NA,NA,NA,NA,-76.5948155,39.2681715,"1425 e fort ave, baltimore, md 21230, usa"
3236,3,25,4,1,11415,School No. 220,2601 Tolley Street,NA,Baltimore,MD,21230,1,40,3,8,6,10,NA,NA,NA,2,S,1,1,NA,NA,NA,NA,-76.6507457,39.2628742,"2601 tolley st, baltimore, md 21230, usa"
3237,3,25,6,1,11417,School No. 225,2401 Nevada Street,NA,Baltimore,MD,21230,1,46,2,8,6,10,NA,NA,NA,2,S,1,1,NA,NA,NA,NA,NA,NA,NA
3238,3,25,7,1,11418,Engine House No. 58,2425 1/2 Annapolis Road,NA,Baltimore,MD,-21230,1,46,2,8,6,10,NA,NA,NA,2,F,1,1,NA,NA,NA,NA,NA,NA,NA
3239,3,25,5,1,13892,Lakeland Recreation Center/School No. 12,2921 Stranden Road,NA,Baltimore,MD,-21230,1,46,2,8,6,10,NA,NA,NA,2,T,1,1,NA,NA,NA,NA,-76.6446964,39.2536603,"2921 stranden rd, baltimore, md 21230, usa"
3241,3,25,8,1,11419,School No. 164,2400 Round Road,NA,Baltimore,MD,-21225,1,46,2,8,6,10,NA,NA,NA,2,S,1,1,NA,NA,NA,NA,-86.0139729,30.2785289,"round rd, rosemary beach, fl 32413, usa"
3242,3,25,9,1,11420,School No. 159 Cherry Hill Elementary School,801 Bridgeview Road,NA,Baltimore,MD,21225,1,46,2,8,6,10,NA,NA,NA,2,S,1,1,NA,NA,NA,NA,-76.6238972,39.2479244,"801 bridgeview rd, baltimore, md 21225, usa"
3243,3,25,10,1,13893,School No. 422,2700 Seamon Avenue,NA,Baltimore,MD,-21225,1,46,2,8,6,10,NA,NA,NA,2,S,1,1,NA,NA,NA,NA,-76.6211442,39.2529063,"2700 seamon ave, baltimore, md 21225, usa"
3244,3,25,11,1,11422,School No. 203,300 Pontiac Avenue,NA,Baltimore,MD,21225,1,46,2,8,6,10,NA,NA,NA,2,S,1,1,NA,NA,NA,NA,-71.43467679999999,41.7794035,"300 pontiac ave, cranston, ri 02910, usa"
3245,3,25,12,1,11422,School No. 203,300 Pontiac Avenue,NA,Baltimore,MD,21225,1,46,2,8,6,10,NA,NA,NA,2,S,1,1,NA,NA,NA,NA,-71.43467679999999,41.7794035,"300 pontiac ave, cranston, ri 02910, usa"
3247,3,25,14,1,11425,Brooklyn Homes,4140 Tenth Street,NA,Baltimore,MD,21225,1,46,2,8,6,10,NA,NA,NA,2,O,1,1,NA,NA,NA,NA,NA,NA,NA
3248,3,25,15,1,11426,School No. 239,1201 Cambria Street,NA,Baltimore,MD,-21225,1,46,2,8,6,10,NA,NA,NA,2,S,1,1,NA,NA,NA,NA,-75.1503048,39.9967366,"1201 w cambria st, philadelphia, pa 19133, usa"
3249,3,25,16,1,11427,Curtis Bay Recreation Center,1620 Filbert Street,NA,Baltimore,MD,21226,1,46,2,8,6,10,NA,NA,NA,2,T,1,1,NA,NA,NA,NA,-122.4263531,37.7994276,"1620 filbert st, san francisco, ca 94123, usa"
3251,3,13,2,1,11428,Engine House No. 21,3724 Roland Avenue,NA,Baltimore,MD,21211,1,40,3,8,6,14,NA,NA,NA,2,F,1,1,NA,NA,NA,NA,-76.6331524,39.3336464,"3724 roland ave, baltimore, md 21211, usa"
3252,3,13,3,1,14756,Roosevelt Recreation Center,1221 W. 36th Street,NA,Baltimore,MD,21211,1,40,3,8,6,7,NA,NA,NA,2,T,1,1,NA,NA,NA,NA,-76.6361721,39.3303215,"1221 w 36th st, baltimore, md 21211, usa"
3253,3,13,4,1,11430,School No. 249,4300 Buchanan Avenue,NA,Baltimore,MD,-21211,1,40,3,8,6,7,NA,NA,NA,2,S,1,1,NA,NA,NA,NA,NA,NA,NA
3255,3,27,59,1,14171,Public Safety Training Center,3500 W Northern Pkwy,NA,Baltimore,MD,21215,1,41,7,8,6,5,NA,NA,NA,2,S,1,1,NA,0,NA,NA,-76.683106,39.35447,"3500 w northern pkwy, baltimore, md 21215, usa"
3256,3,27,36,1,11369,School No. 214,4520 York Road,NA,Baltimore,MD,-21212,1,43,7,8,6,4,NA,NA,NA,2,S,1,1,NA,NA,NA,NA,-76.6106732,39.3439516,"4520 york rd, baltimore, md 21212, usa"
3257,3,27,38,1,11431,Govans Boundary United Methodist Church,5210 York Rd,NA,Baltimore,MD,-21212,1,43,3,8,6,4,NA,NA,NA,2,C,1,1,NA,NA,NA,NA,-76.6103122,39.3529854,"5210 york rd, baltimore, md 21212, usa"
3258,3,27,39,1,11432,St. Marys Church of Govans,5502 York Road,NA,Baltimore,MD,-21212,1,43,3,8,6,4,NA,NA,NA,2,C,1,1,NA,NA,NA,NA,-76.61035729999999,39.3570903,"5502 york rd, baltimore, md 21212, usa"
3259,3,27,40,1,11433,Grace United Methodist Church,5407 N. Charles Street,NA,Baltimore,MD,-21210,1,43,3,8,6,4,NA,NA,NA,2,C,1,1,NA,NA,NA,NA,-76.6238438,39.3616328,"5407 n charles st, baltimore, md 21212, usa"
3260,3,27,41,1,11433,Grace United Methodist Church,5407 N. Charles Street,NA,Baltimore,MD,-21210,1,43,3,8,6,4,NA,NA,NA,2,C,1,1,NA,NA,NA,NA,-76.6238438,39.3616328,"5407 n charles st, baltimore, md 21212, usa"
3262,3,27,42,1,11435,Corner Community Center,5802 Roland Avenue,NA,Baltimore,MD,-21210,1,41,3,8,6,5,NA,NA,NA,2,T,1,1,NA,NA,NA,NA,-76.6350142,39.3684849,"5802 roland ave, baltimore, md 21210, usa"
3263,3,27,43,1,11436,School No. 407,4600 Falls Road,NA,Baltimore,MD,-21209,1,41,3,8,6,6,NA,NA,NA,2,S,1,1,NA,NA,NA,NA,-76.64483299999999,39.34679879999999,"4600 falls rd, baltimore, md 21209, usa"
3264,3,27,44,1,11437,School No. 233,5207 Roland Avenue,NA,Baltimore,MD,21210,1,41,3,8,6,6,NA,NA,NA,2,S,1,1,NA,NA,NA,NA,-76.6339319,39.357652,"5207 roland ave, baltimore, md 21210, usa"
3267,3,27,47,1,11430,School No. 249,4300 Buchanan Avenue,NA,Baltimore,MD,-21211,1,41,3,8,6,7,NA,NA,NA,2,S,1,1,NA,NA,NA,NA,NA,NA,NA
3268,3,27,48,1,12911,Ruscombe Garden Apartments,4800 Yellowwood Avenue,NA,Baltimore,MD,-21209,1,41,7,8,6,6,NA,NA,NA,2,O,1,1,NA,NA,NA,NA,115.9223967,-32.1279202,"yellowwood ave, perth wa 6112, australia"
3269,3,27,49,1,13907,School No. 221,5800 Smith Avenue,NA,Baltimore,MD,-21209,1,41,3,8,6,5,NA,NA,NA,2,S,0,0,NA,NA,NA,NA,-76.65431149999999,39.3674657,"5800 smith ave, baltimore, md 21209, usa"
3271,3,27,50,1,12556,Elderslie St. Andrews United Methodist Church,5601 Pimlico Road,NA,Baltimore,MD,-21209,1,41,3,8,6,5,NA,NA,NA,2,C,1,1,NA,NA,NA,NA,-76.67101799999999,39.358852,"5601 pimlico rd, baltimore, md 21209, usa"
3272,3,27,51,1,10218,Levindale Home,2434 W. Belvedere Avenue,NA,Baltimore,MD,-21215,1,41,7,8,6,5,NA,NA,NA,2,O,1,1,NA,NA,NA,NA,-76.66536529999999,39.3543022,"2434 w belvedere ave, baltimore, md 21215, usa"
3273,3,4,1,1,11444,Charles Tower Apartments,222 N. Charles Street,NA,Baltimore,MD,-21201,1,46,7,8,6,11,NA,NA,NA,2,O,1,1,NA,NA,NA,NA,-76.61604419999999,39.2923663,"two charles center, 222 n charles st, baltimore, md 21201, usa"
3274,3,22,2,1,11445,Engine House No. 2,800 Light Street,NA,Baltimore,MD,-21230,1,46,3,8,6,11,NA,NA,NA,2,F,1,1,NA,NA,NA,NA,-76.6129526,39.2797928,"800 light st, baltimore, md 21230, usa"
3290,4,11,15,1,13779,Oak Crest Village Crestview Hall,8800 Walther Boulevard,NA,Baltimore,MD,-21234,1,8,3,3,2,5,NA,NA,NA,2,O,1,1,NA,NA,NA,NA,-76.5098348,39.3924736,"8800 walther blvd, parkville, md 21234, usa"
3291,4,11,16,1,14315,Parkville Armory Drill Floor,3727 Putty Hill Avenue,NA,Baltimore,MD,21234,0,8,3,3,2,5,NA,NA,NA,2,O,1,NA,NA,NA,NA,NA,-76.5171191,39.378198,"3727 putty hill ave, nottingham, md 21236, usa"
3292,4,11,17,1,13024,Gunpowder Elementary School Gym,9540 Holiday Manor Road,NA,Baltimore,MD,-21236,1,8,1,3,2,5,NA,NA,NA,2,S,1,1,NA,NA,NA,NA,-76.4708358,39.4153724,"9540 holiday manor rd, nottingham, md 21236, usa"
3293,4,11,18,1,11206,Seven Oaks Elementary School Cafeteria,9220 Seven Courts Drive,NA,Baltimore,MD,-21236,1,42B,1,3,2,5,NA,NA,NA,2,S,1,1,NA,NA,NA,NA,-76.4878469,39.4052936,"9220 seven courts dr, parkville, md 21234, usa"
3294,4,14,12,1,11464,Parkville Senior Center Gym,8601 Harford Road,NA,Baltimore,MD,-21234,1,8,3,3,2,6,NA,NA,NA,2,S,1,1,NA,NA,NA,NA,-76.53510969999999,39.3819509,"8601 harford rd, parkville, md 21234, usa"
3330,3,15,7,1,10191,School No. 21,3301 Carlisle Avenue,NA,Baltimore,MD,21216,1,41,7,8,6,7,NA,NA,NA,2,S,1,1,NA,NA,NA,NA,-77.3773703,37.5203527,"3301 carlisle ave, henrico, va 23231, usa"
3331,3,26,21,1,10140,School No. 231,3536 Brehms Lane,NA,Baltimore,MD,21213,1,45,3,8,6,13,NA,NA,NA,2,S,1,1,NA,NA,NA,NA,-76.5662917,39.3214397,"3536 brehms ln, baltimore, md 21213, usa"
3620,4,12,13,1,11494,Fleming Community Center Gym,641 Main Street,NA,Baltimore,MD,-21222,1,6,2,3,2,7,NA,NA,NA,2,T,1,1,NA,NA,NA,NA,NA,NA,NA
3622,3,13,5,1,11496,Shiloh United Church Apostolic,2000 Druid Park Drive,NA,Baltimore,MD,21211,1,40,3,8,6,7,NA,NA,NA,2,C,1,1,NA,NA,NA,NA,-76.6454677,39.3332355,"2000 druid park dr, baltimore, md 21211, usa"
3651,4,2,23,1,11628,Old Court Middle School Gym,4627 Old Court Road,NA,Baltimore,MD,21208,1,10,7,3,2,2,NA,NA,NA,2,S,1,1,NA,NA,NA,NA,-76.756827,39.36553139999999,"4627 old court rd, pikesville, md 21208, usa"
3653,4,2,25,1,11585,North Oaks Retirement Community Hall,725 Mount Wilson Lane,NA,Baltimore,MD,21208,1,11,2,3,2,2,NA,NA,NA,2,T,1,1,NA,NA,NA,NA,-76.76451639999999,39.3813925,"725 mt wilson ln, pikesville, md 21208, usa"
3656,4,2,28,1,11588,Milford Mill Academy Cafe,3800 Washington Avenue,NA,Baltimore,MD,21244,1,10,2,3,2,4,NA,NA,NA,2,S,1,1,NA,NA,NA,NA,NA,NA,NA
3691,4,15,23,1,13758,Sandalwood Elementary School Cafeteria,900 S. Marlyn Avene,NA,Baltimore,MD,21221,1,6,2,3,2,7,NA,NA,NA,2,S,1,1,NA,NA,NA,NA,-76.45680229999999,39.2941519,"900 s marlyn ave, essex, md 21221, usa"
3692,4,15,24,1,14029,Stembridge Community Center,99 Stemmers Run Road,NA,Baltimore,MD,21221,1,6,2,3,2,6,NA,NA,NA,2,T,0,0,NA,NA,NA,NA,-76.4538922,39.3191958,"99 stemmers run rd, essex, md 21221, usa"
3711,4,11,19,1,11663,Perry Hall High School Library,4601 Ebenezer Road,NA,Baltimore,MD,-21236,1,8,2,3,2,5,NA,NA,NA,2,S,1,1,NA,NA,NA,NA,-76.4653489,39.39186249999999,"4601 ebenezer rd, nottingham, md 21236, usa"
3732,4,9,26,1,11232,Oakleigh Elementary School Gym,1901 White Oak Avenue,NA,Baltimore,MD,-21234,1,42B,2,3,2,5,NA,NA,NA,2,S,1,1,NA,NA,NA,NA,-76.5535742,39.3935062,"1901 white oak ave, parkville, md 21234, usa"
3751,4,9,27,1,11639,Loch Raven High School Cafeteria,1212 Cowpens Avenue,NA,Baltimore,MD,-21286,1,42B,2,3,2,3,NA,NA,NA,2,S,1,1,NA,NA,NA,NA,-76.5633629,39.405103,"1212 cowpens ave, towson, md 21286, usa"
3811,3,13,1,1,13612,Keswick Multi-Care Center,700 West 40th Street,NA,Baltimore,MD,21211,1,41,3,8,6,14,NA,NA,NA,2,O,1,1,NA,NA,NA,NA,-76.62939879999999,39.3379,"700 w 40th st, baltimore, md 21211, usa"
3892,3,21,4,1,11406,School No. 22,800 Scott Street,NA,Baltimore,MD,-21230,1,46,3,8,6,10,NA,NA,NA,2,S,1,1,NA,NA,NA,NA,NA,NA,NA
3917,3,27,24,1,10119,School No. 242,5201 Loch Raven Boulevard,NA,Baltimore,MD,21239,1,43,7,8,6,3,NA,NA,NA,2,S,1,1,NA,NA,NA,NA,-76.5887822,39.3527384,"5201 loch raven blvd, baltimore, md 21239, usa"
3918,3,27,27,1,14291,League for People with Disabilities,1111 East Cold Spring Lane,NA,Baltimore,MD,21239,1,43,7,8,6,4,NA,NA,NA,2,T,1,1,NA,NA,NA,NA,-76.5985765,39.34460929999999,"1111 e cold spring ln, baltimore, md 21239, usa"
3919,3,27,29,1,10123,School No. 371 Lillie May Carroll Jackson,900 Woodbourne Avenue At Tunbridge Road,NA,Baltimore,MD,-21212,1,43,7,8,6,4,NA,NA,NA,2,S,1,1,NA,NA,NA,NA,-79.655235,44.41073,"tunbridge rd, barrie, on l4m, canada"
3921,3,27,55,1,12100,School No 5 Langston Hughes Elem,5011 Arbutus Avenue,NA,Baltimore,MD,21215,1,41,7,8,6,6,NA,NA,NA,2,S,1,1,NA,NA,NA,NA,NA,NA,NA
3922,3,27,58,1,10218,Levindale Home,2434 W. Belvedere Avenue,NA,Baltimore,MD,-21215,1,41,7,8,6,6,NA,NA,NA,2,O,1,1,NA,NA,NA,NA,-76.66536529999999,39.3543022,"2434 w belvedere ave, baltimore, md 21215, usa"
3923,3,27,61,1,11373,School No. 401,6900 Park Heights Avenue,NA,Baltimore,MD,-21215,1,41,7,8,6,5,NA,NA,NA,2,S,1,1,NA,NA,NA,NA,-76.7045531,39.36468,"6900 park heights ave, baltimore, md 21215, usa"
3924,3,27,67,1,11351,School No. 241,3801 Fallstaff Road,NA,Baltimore,MD,21215,1,41,3,8,6,5,NA,NA,NA,2,S,1,1,NA,NA,NA,NA,-76.7054218,39.3621351,"3801 fallstaff rd, baltimore, md 21215, usa"
4285,3,27,46,1,13906,Bolton Street Synagogue,212 West Coldspring Lane,NA,Baltimore,MD,21210,1,41,3,8,6,14,NA,NA,NA,2,C,1,1,NA,NA,NA,NA,-76.627327,39.3459338,"212 w cold spring ln, baltimore, md 21210, usa"
4325,3,27,54,1,13915,C.C. Jackson Recreation Center,4910 Park Heights Avenue,NA,Baltimore,MD,21215,1,40,7,8,6,6,NA,NA,NA,2,T,1,1,NA,NA,NA,NA,-76.6734681,39.3468077,"4910 park heights ave, baltimore, md 21215, usa"
4345,3,27,12,1,13184,North Harford Recreation Center,6800 Hamlet Ave,NA,Baltimore,MD,21234,1,43,3,8,6,3,NA,NA,NA,2,T,1,1,NA,NA,NA,NA,-76.55917500000001,39.3672114,"6800 hamlet ave, baltimore, md 21234, usa"
4387,4,13,9,1,13328,Riverview Elementary School M/P Rm,3298 Kessler Road,NA,Baltimore,MD,21227,1,12,3,3,2,1,NA,NA,NA,2,S,1,1,NA,NA,NA,NA,NA,NA,NA
4388,4,14,13,1,11703,Boumi Temple Club Room,5050 King Avenue,NA,Baltimore,MD,-21237,1,8,2,3,2,6,NA,NA,NA,2,C,1,1,NA,NA,NA,NA,NA,NA,NA
4389,4,1,17,1,13604,Dogwood Elementary School Gym,7215 Dogwood Road,NA,Baltimore,MD,21244,1,44B,7,3,2,1,NA,NA,NA,2,S,1,1,NA,NA,NA,NA,-76.7633188,39.3200822,"7215 dogwood rd, windsor mill, md 21244, usa"
4392,4,11,21,1,13025,Carney Elementary School Cafe,3131 E. Joppa Road,NA,Baltimore,MD,-21234,1,8,3,3,2,5,NA,NA,NA,2,S,1,1,NA,NA,NA,NA,-76.5200663,39.3931513,"3131 e joppa rd, parkville, md 21234, usa"
4408,4,9,28,1,13926,Halstead Academy Gym,1111 Halstead Road,NA,Baltimore,MD,-21234,1,8,2,3,2,6,NA,NA,NA,2,S,1,1,NA,NA,NA,NA,NA,NA,NA
4409,4,14,14,1,13838,Fullerton Elementary School Cafe,4400 Fullerton Avenue,NA,Baltimore,MD,-21236,1,8,3,3,2,6,NA,NA,NA,2,S,1,1,NA,NA,NA,NA,-87.7369654,41.9246612,"4400 w fullerton ave, chicago, il 60639, usa"
4431,3,26,20,1,10140,School No. 231,3536 Brehms Lane,NA,Baltimore,MD,21213,1,45,7,8,6,13,NA,NA,NA,2,S,1,1,NA,NA,NA,NA,-76.5662917,39.3214397,"3536 brehms ln, baltimore, md 21213, usa"
4432,3,27,17,1,10116,School No. 212,2800 Ailsa Avenue,NA,Baltimore,MD,-21214,1,43,7,8,6,3,NA,NA,NA,2,S,1,1,NA,NA,NA,NA,-76.56941309999999,39.34923920000001,"2800 ailsa ave, baltimore, md 21214, usa"
4433,3,28,7,1,13889,School No. 64 Liberty Elementary School,3901 Maine Avenue,NA,Baltimore,MD,21207,1,41,7,8,6,8,NA,NA,NA,2,S,1,1,NA,NA,NA,NA,NA,NA,NA
4434,4,3,14,1,13920,Woodholme Elementary School Rec Council Room,300 Mount Wilson Lane,NA,Baltimore,MD,21208,1,11,3,3,2,2,NA,NA,NA,2,S,1,1,NA,NA,NA,NA,-76.749636,39.3898768,"300 mt wilson ln, pikesville, md 21208, usa"
4435,4,15,25,1,13922,Gunpowder VFW 10067 Hall,6309 Ebenezer Road,NA,Baltimore,MD,21220,1,7,2,3,2,6,NA,NA,NA,2,O,1,1,NA,NA,NA,NA,-76.4016635,39.3642846,"6309 ebenezer rd, middle river, md 21220, usa"
4611,3,21,1,1,11406,School No. 22,800 Scott Street,NA,Baltimore,MD,-21230,1,40,3,8,6,11,NA,NA,NA,2,S,1,1,NA,NA,NA,NA,NA,NA,NA
4754,4,15,26,1,11174,Seneca Elementary School Cafeteria,545 Carrollwood Road,NA,Baltimore,MD,-21220,1,7,2,3,2,6,NA,NA,NA,2,S,1,1,NA,NA,NA,NA,-76.3911296,39.3294167,"545 carrollwood rd, middle river, md 21220, usa"
4837,3,25,17,1,11414,School No. 226,1207 Pine Heights Avenue,NA,Baltimore,MD,-21229,1,40,7,8,6,10,NA,NA,NA,2,S,1,1,NA,NA,NA,NA,-76.6738792,39.2677918,"1207 pine heights ave, baltimore, md 21229, usa"
4838,3,25,18,1,11414,School No. 226,1207 Pine Heights Avenue,NA,Baltimore,MD,-21229,1,40,7,8,6,10,NA,NA,NA,2,S,1,1,NA,NA,NA,NA,-76.6738792,39.2677918,"1207 pine heights ave, baltimore, md 21229, usa"
4839,3,26,32,1,10140,School No. 231,3536 Brehms Lane,NA,Baltimore,MD,21213,1,45,2,8,6,13,NA,NA,NA,2,S,1,1,NA,NA,NA,NA,-76.5662917,39.3214397,"3536 brehms ln, baltimore, md 21213, usa"
4840,3,26,33,1,10139,School No. 248,3880 Sinclair Lane,NA,Baltimore,MD,-21213,1,45,2,8,6,13,NA,NA,NA,2,S,1,1,NA,NA,NA,NA,-76.5607892,39.3150658,"3880 sinclair ln, baltimore, md 21213, usa"
4954,4,2,30,1,10272,Windsor Mill Middle School Gym,8300 Windsor Mill Road,NA,Baltimore,MD,21244,1,44B,7,3,2,4,NA,NA,NA,2,S,1,1,NA,NA,NA,NA,-76.7863979,39.3528539,"8300 windsor mill rd, windsor mill, md 21244, usa"
4955,4,2,31,1,10273,Featherbed Lane Elementary Primary School Gym,6700 Richardson Road,NA,Baltimore,MD,-21207,1,44B,7,3,2,4,NA,NA,NA,2,S,1,1,NA,NA,NA,NA,NA,NA,NA
4963,3,12,13,1,14390,Ghost Precinct - Enoch Pratt Free Library Wavery Branch,400 E. 33rd Street,NA,Baltimore,MD,21218,1,40,7,8,6,14,NA,NA,NA,2,O,NA,NA,NA,NA,NA,NA,-73.97521119999999,40.7430663,"400 e 33rd st, new york, ny 10016, usa"
4964,3,13,13,1,10210,School No. 55,3608 Chestnut Avenue,NA,Baltimore,MD,21211,1,40,7,8,6,14,NA,NA,NA,2,S,1,1,NA,NA,NA,NA,NA,NA,NA
4965,3,19,3,1,10165,School No. 4,30 S. Gilmor Street,NA,Baltimore,MD,-21223,1,44A,7,8,6,9,NA,NA,NA,2,S,1,1,NA,NA,NA,NA,-76.6426704,39.2868134,"30 s gilmor st, baltimore, md 21223, usa"
4966,3,20,12,1,14391,Ghost Precinct - Academy of Success,525 Hurley Avenue,NA,Baltimore,MD,21223,1,40,7,8,6,10,NA,NA,NA,2,S,NA,NA,NA,NA,NA,NA,-74.0514221,41.933278,"525 hurley ave, hurley, ny 12443, usa"
4967,3,21,5,1,14392,Ghost Precinct - School No. 22,800 Scott Street,NA,Baltimore,MD,21230,1,46,3,8,6,11,NA,NA,NA,2,S,NA,NA,NA,NA,NA,NA,NA,NA,NA
NA,3,NA,NA,NA,12527,Southeastern Anchor Library,3601 Eastern Avenue,NA,Baltimore,MD,-21224,NA,-,-,-,-,-,-,-,-,NA,O,1,1,-,NA,NA,EVC-5,-76.5667653,39.2862538,"3601 eastern ave, baltimore, md 21224, usa"
NA,3,NA,NA,NA,14171,Public Safety Training Center,3500 W Northern Pkwy,NA,Baltimore,MD,21215,1,-,-,-,-,-,-,-,-,NA,S,1,1,-,0,NA,EVC-4,-76.683106,39.35447,"3500 w northern pkwy, baltimore, md 21215, usa"
NA,3,NA,NA,NA,14172,Westside Skill Center,4501 Edmondson Ave,NA,Baltimore,MD,21229,1,-,-,-,-,-,-,-,-,NA,T,1,1,-,0,NA,EVC-1,-76.69122569999999,39.2928647,"4501 edmondson ave, baltimore, md 21229, usa"
NA,3,NA,NA,NA,14291,League for People with Disabilities,1111 East Cold Spring Lane,NA,Baltimore,MD,21239,1,-,-,-,-,-,-,-,-,NA,T,1,1,-,NA,NA,EVC-2,-76.5985765,39.34460929999999,"1111 e cold spring ln, baltimore, md 21239, usa"
NA,3,NA,NA,NA,14292,Mount Pleasant Church & Ministries,6000 Radecke Avenue,NA,Baltimore,MD,21206,1,-,-,-,-,-,-,-,-,NA,C,0,1,-,NA,NA,EVC-3,-76.5275638,39.331803,"6000 radecke ave, baltimore, md 21206, usa"
NA,3,NA,NA,NA,14604,University of Maryland Community Engagement Center,870 W. Baltimore Street,NA,Baltimore,MD,21201,1,-,-,-,-,-,-,-,-,NA,S,1,NA,-,1,University of Maryland,EVC-6,-76.6315801,39.2889889,"870 w baltimore st, baltimore, md 21201, usa"
NA,3,NA,NA,NA,14895,Patapsco Elementary/Middle School,844 Roundview Road,NA,Baltimore,MD,21225,1,-,-,-,-,-,-,-,-,NA,S,NA,NA,-,NA,NA,EVC-7,-76.6241679,39.2466003,"844 roundview rd, baltimore, md 21225, usa"
NA,4,NA,NA,NA,14601,Victory Villa Community Center,404 E. Compass Road,NA,Baltimore,MD,21220,1,-,-,-,-,-,-,-,-,NA,T,1,NA,-,NA,NA,EVC-6,NA,NA,NA
